id;name;disambiguatingDescription;description;longitude;latitude;streetAddress;postalCode;addressLocality;telephone;email;url;image;dateModified05399507-382d-420b-a794-fbd6130ec467;Theaterhaus Thurgau;Das Theaterhaus Thurgau in Weinfelden ist die gemeinsame Produktions- und Spielstätte von Theater Bilitz, bühni wyfelde und theagovia theater und frohsinn kultur.;<p>Das Theaterhaus Thurgau bietet ein vielf&auml;ltiges Programm mit einem Schwerpunkt auf Theaterangeboten f&uuml;r Kinder und Jugendliche. Neben den Eigenproduktionen der b&uuml;hni wyfelde und des theagovia theaters organisiert das Theater Bilitz spannende Veranstaltungsreihen und Kurse. F&uuml;r Erwachsene gibt es regelm&auml;ssig Gastspiele, die vom Kulturverein Frohsinn pr&auml;sentiert werden. Das Gesamtprogramm erscheint drei- bis viermal j&auml;hrlich und ist auf der Webseite des Theaterhauses abrufbar. Dar&uuml;ber hinaus kann das Theaterhaus f&uuml;r verschiedene Anl&auml;sse gemietet werden. Zur Verf&uuml;gung stehen ein Theatersaal mit B&uuml;hne und Trib&uuml;ne, ein Proberaum sowie ein Foyer mit Bar.</p>;9.1034238;47.5676321;Lagerstrasse 3;8570;Weinfelden;+41 71 622 20 40;info@theaterhausthurgau.ch;http://www.theaterhausthurgau.ch;[{'@type': 'ImageObject', 'contentUrl': 'https://tgtpimtsoch.sos-ch-dk-2.exoscale-cdn.com/catalog/7/b/4/c/7b4cd339d87668f119fded1ae613059bf4fc5e5f_THT_M_01_Kopie.jpg'}];2026-05-12T11:37:13+02:00
06285842-b429-471c-87a4-bfb929442687;Badi Mannenbach;Die Badi Mannenbach ist ein öffentlicher Badeplatz direkt am Untersee. Liegewiese, Strandzugang, Badeinsel, Spielplatz und Grillstelle machen die Anlage zu einem beliebten Ort für Erholung, Naturerlebnisse und Badevergnügen am Bodensee.;<p>Direkt am Ufer des Untersees gelegen, bietet die Badi einen attraktiven Badeplatz. Die gepflegte Anlage verf&uuml;gt &uuml;ber eine Liegewiese, einen direkten Zugang zum Bodensee sowie eine Badeinsel im Wasser. Die naturnahe Umgebung und die ruhige Lage am See sorgen f&uuml;r ein erholsames Ambiente.</p><p>Zur Infrastruktur geh&ouml;ren eine Umkleidekabine, eine Dusche, ein Kinderspielplatz sowie eine Grillstelle. Die Kombination aus Badeplatz, Familienfreundlichkeit und unmittelbarer Seen&auml;he macht die Anlage zu einem beliebten Ausflugsziel am Untersee. Die Aussicht auf die Wasserlandschaft und die entspannte Atmosph&auml;re unterstreichen den besonderen Charakter dieses Ortes. Die Badi Mannenbach verbindet Erholung, Naturerlebnis und Badevergn&uuml;gen am Bodensee und ist ein attraktiver Treffpunkt f&uuml;r Einheimische und G&auml;ste.</p>;9.047976136207582;47.67343948361242;Almänd;8268;Salenstein;[{'@type': 'ImageObject', 'contentUrl': 'https://tgtpimtsoch.sos-ch-dk-2.exoscale-cdn.com/catalog/6/5/c/8/65c8aa6936b9f0e2dbf5dc4506a307e49ea2320b_small__Mannenbach_Badi_Grillstelle.jpg'}];2026-07-15T10:11:44+02:00
0d855a21-1310-4ba2-b64e-794bcb63b423;autobau erlebniswelt;In der Autobau Erlebniswelt in Romanshorn faszinieren seltene Fahrzeuge aus dem nationalen und internationalen Rennsport sowie edle Sportkarossen im einmaligen Ambiente eines denkmalgeschützten Industriegebäudes.;Keine zehn Gehminuten vom Bahnhof Romanshorn entfernt entführt die Autobau Erlebniswelt in das Reich des Automobil-Rennsports. Denkmalgeschützte Hallen und der riesige Stahltank eines ehemaligen Tanklagers beherbergen eine imposante Autosammlung. 120 Fahrzeuge dürfen im wahrsten Sinne des Wortes hautnah erlebt werden. Praktisch ohne Absperrung bewegen sich Besuchende im Museum frei zwischen den Autos und blicken in die Führerkabinen von waschechten Rennautos – sogar aus der Formel 1. Namen wie Aston Martin, Bugatti, Ferrari, Lamborghini, Maserati, Mercedes oder Porsche sind hier vertreten und lassen die Herzen von Autobegeisterten höherschlagen. Namen wie Aston Martin, Ferrari, Lamborghini, Maserati, Mercedes oder Porsche sind hier vertreten und lassen die Herzen von Autobegeisterten höherschlagen. 

Nicht nur Museum, sondern auch Eventlocation am Bodensee ist die Autobau Erlebniswelt und begeistert mit Anlässen, Tagungen oder Feiern im besonderen Industrieambiente. ;9.3761945;47.5575714;Egnacherweg 7;8590;Romanshorn;+41714660066;y.stuetz@autobau.ch;http://www.autobau.ch/;[{'@type': 'ImageObject', 'contentUrl': 'https://tgtpimtsoch.sos-ch-dk-2.exoscale-cdn.com/catalog/0/5/f/8/05f89f103c345cc638251616bacfab68f1877c7c_rsf_autobau_ausstellung_05_Kopie.jpg'}];2026-05-09T13:50:05+02:00
23d6a2bd-f72d-4879-b8e6-081502c8af43;Erlebniszentrum Echinapoint;Das Erlebniszentrum Echinapoint in Roggwil lässt Besuchende in die Welt der Naturheilkunde eintauchen. Wie kommt die Heilpflanze in die Flasche? Wer war Alfred Vogel? Wie wirkt der rote Sonnenhut, Echinacea? Antworten finden die Besuchenden im grossen Erlebnis-Kräutergarten in Roggwil.;Das Erlebniszentrum Echinapoint in Roggwil ist das Sprachrohr der A.Vogel AG in Roggwil, traditionsreiche Herstellerin von biologischen Naturheilmitteln. Hier wird die Geschichte der Naturheilkunde erlebbar. In dem, wie eine Blume angelegten Kräutergarten, erkunden Besuchende mit allen Sinnen die Herstellung und Wirkungsweise von pflanzlichen Arzneimitteln sowie das Leben und Werk des Naturheilkunde-Pioniers Alfred Vogel. Gäste erfahren, wie die persönliche Gesundheit auf natürliche Weise erhalten werden kann oder wie eine gesunde vollwertige Ernährung aussieht. Der Name EchinaPoint rührt übrigens von Alfred Vogels Lieblingspflanze Echinacea, dem roten Sonnenhut. In den 1950er Jahren brachte er diese Pflanze von einer Amerikareise mit in die Schweiz. Bis heute wird Echinacea unter anderem zur Stärkung der Abwehrkräfte verwendet. Das Erlebniszentrum ist täglich geöffnet, der Eintritt ist frei. Auf Voranmeldung werden Gruppenführungen angeboten.;9.4043759;47.503364;Grünaustrasse 4;9325;Roggwil;+41 71 454 62 42;team.roggwil@avogel.ch;https://www.avogel.ch/de/garten/roggwil/;[{'@type': 'ImageObject', 'contentUrl': 'https://tgtpimtsoch.sos-ch-dk-2.exoscale-cdn.com/catalog/4/8/8/c/488ca57ae1ceb8fd28dbf02f263589afc158025e_Roggwil_Bioforce_Heilpflanzenwelt_5.jpg'}];2026-05-15T23:58:20+02:00
26260d8a-1230-424d-af90-c050346c16e0;Erlebnisflugplatz Sitterdorf;Der Erlebnisflugplatz Sitterdorf vereint Flugplatz, Tierpark, Freizeitpark und Gastronomie. Besuchende beobachten Kleinflugzeuge auf der Piste, entdecken Tiere und Spielangebote – und geniessen Klassiker im Restaurant Airfood.;<p data-start="98" data-end="625">Der Erlebnisflugplatz Sitterdorf ist weit mehr als ein Flugplatz. Auf dem Gel&auml;nde befinden sich ein Tierpark mit Pfaue, Rehen, Hirschen, Ziegen und Papageien sowie ein Freizeitareal mit vielf&auml;ltigen Spielm&ouml;glichkeiten. Spielger&auml;te, Seilbahnen, Modellschiffe oder Electric Carts bieten Spass auf dem Wasser oder an Land &ndash; teilweise mit Muskelkraft, teilweise per Knopfdruck. Das Erlebnisz&uuml;gli f&auml;hrt Familien durch den &uuml;berschaubaren Park. F&uuml;r die Verpflegung sorgt das Restaurant Airfood mit bodenst&auml;ndigen Klassikern und mediterranem Touch &ndash; vom Mittagessen bis zum Dessert. Wer es unkompliziert mag, findet Snacks am Bahnhofskiosk. Der Blick auf die Start- und Landebahn geh&ouml;rt dazu: Kleinflugzeuge k&ouml;nnen aus n&auml;chster N&auml;he beobachtet werden &ndash; ein Erlebnis f&uuml;r Gross und Klein.</p>;9.2603052;47.5097176;Flugplatz 1;8589;Sitterdorf;+41 71 422 30 31;info@erlebnisflugplatz.ch;https://www.erlebnisflugplatz.ch/default.shtml;[{'@type': 'ImageObject', 'contentUrl': 'https://tgtpimtsoch.sos-ch-dk-2.exoscale-cdn.com/catalog/c/0/8/8/c088ae711818d679785f7c82dfcf36a477637cb3_Flyer_Titelseite_verkleinert.png'}];2026-01-14T13:47:49+01:00
2789854f-9fdc-4438-97b7-bce1065d9028;Vinorama Museum Ermatingen;Das Museum Vinorama in Ermatingen ist ein Museum, das die traditionsreiche Geschichte des Weinhandels der Familie Ammann im 19. Jahrhundert lebendig werden lässt.;<p>Das Wohnmuseum im historischen Haus Ph&ouml;nix entf&uuml;hrt in die Lebenswelt einer Arztfamilie um 1900. Im zweiten Obergeschoss befinden sich im Stil des 19. Jahrhunderts eingerichtete historische Salons. Die ehemalige Pferdestallung Remise thematisiert die Geschichte der Region am Untersee und ihre Verbindung zum Kloster Reichenau, mit Schwerpunkten auf Weinbau, Fischerei und Vogeljagd. Im Obergeschoss werden wechselnde Kunstausstellungen pr&auml;sentiert. Ein Eventraum im Erdgeschoss sowie ein Rosengarten erg&auml;nzen das Angebot. Das Museum liegt zentral in Ermatingen und bietet mit seinen verschiedenen Ausstellungsbereichen ein vielseitiges Kulturerlebnis im Thurgau. Das Haus Ph&ouml;nix stellt seine historischen Salons f&uuml;r Sitzungen, Konferenzen oder zivile Trauungen zur Verf&uuml;gung. Gruppenf&uuml;hrungen durch das Museum sind auf Anfrage ebenfalls m&ouml;glich.</p>;9.0770616;47.6690093;Hauptstrasse 62;8272;Ermatingen;+41 77 411 77 52;info@vinorama-ermatingen.ch;http://www.vinorama-ermatingen.ch/;[{'@type': 'ImageObject', 'contentUrl': 'https://tgtpimtsoch.sos-ch-dk-2.exoscale-cdn.com/catalog/1/9/5/2/195230b8249967beac7184e3cbe2008b47102483_em_2072.jpg'}];2026-05-15T07:59:42+02:00
2da11ac7-5de3-4c71-b282-837cee2798df;Schloss Roggwil;Das barocke Schloss Roggwil im Thurgau hat den passenden Raum für Trauungen, Hochzeiten oder auch Geburtstage, Firmen- und Vereinsanlässe, Konzerte oder Ausstellungen. Sogar Co-Working Räume werden im Baudenkmal angeboten. ;Das Schloss Roggwil ist ein kleines Landschloss aus dem 17. Jh. mitten im markanten Dorfkern von Roggwil. Es ist leicht mit öffentlichem Verkehr oder mit dem Auto auf dem Weg zwischen St.Gallen und Bodensee zu erreichen. Das Schloss ist heute Treffpunkt für gesellige Anlässe und Kulturveranstaltungen und bietet einen stilvollen Rahmen für Feste und Tagungen. Im Schloss Roggwil finden Gäste ein romantisches Ambiente vor. Die verschiedenen Räume werden durch einen grosszügigen Aussenbereich ergänzt. ;9.395075440406801;47.500605071448106;Schlossgässli 4;9325;Roggwil TG;071 455 17 52;info@schloss-roggwil.ch;https://schloss-roggwil.ch;[{'@type': 'ImageObject', 'contentUrl': 'https://tgtpimtsoch.sos-ch-dk-2.exoscale-cdn.com/catalog/5/3/f/a/53fa753eb1cf31a8d246ed01cfc461c47b5e05f3_DSC_0705.JPG'}];2026-01-13T13:48:06+01:00
2fc5e7dd-1a66-4a75-8901-b8b5f6122e34;Uerschhauser Badi Nussbaumersee;Die Uerschhauser Badi am Nussbaumersee ist ein naturnaher Badeplatz. Grosszügige Liegewiesen, schattenspendende Bäume und der idyllische See bieten Erholung inmitten der Thurgauer Natur.;<p>Die Uerschhauser Badi am Nussbaumersee ist ein beliebter Naturbadeplatz im Thurgau und liegt eingebettet in der gesch&uuml;tzten Landschaft des Seebachtals. Die weitl&auml;ufige Liegewiese mit sonnigen und schattigen Bereichen l&auml;dt zum Verweilen ein. Ein Sprungbrett sorgt f&uuml;r zus&auml;tzlichen Badespass, w&auml;hrend die Grillstelle den Aufenthalt am See erg&auml;nzt. Der Nussbaumersee ist von einer wertvollen Endmor&auml;nenlandschaft umgeben und geh&ouml;rt zu einem Gebiet von regionaler Bedeutung. Die ruhige Lage, die naturnahe Umgebung und der freie Blick auf das Wasser machen die Uerschhauser Badi zu einem besonderen Ausflugsziel f&uuml;r Erholung und Naturerlebnisse im Thurgau.</p>;8.814167976379396;47.613338619311435;Stammheimerstrasse;8537;Uerschhausen;[{'@type': 'ImageObject', 'contentUrl': 'https://tgtpimtsoch.sos-ch-dk-2.exoscale-cdn.com/catalog/2/8/2/1/282103f39ca4e5747e497f259b36cbb5ac4264a6_small__Huettwilen_Nussbaumersee.jpg'}];2026-07-15T11:32:29+02:00
3165c158-4864-4aab-b90f-12ef9b3b5a17;Event-Raum Engels-Früchtehof;Der stilvolle Veranstaltungsraum vom Familienbetrieb Engels-Früchtehof liegt am Untersee in Mammern. Seine überdachte Aussenterrasse besticht mit Blick auf Bodensee und die Burg Hohenklingen. Gäste nutzen die tadellose Gastroküche oder buchen ein Catering.;Der moderne Veranstaltungsraum auf dem Engels-Früchtehof bietet Platz für bis zu 70 Personen. Er verfügt über eine erstklassige Ausstattung. Komplette Bestuhlung, grosszügige Tische, Beamerwand mit Beamer sowie Geschirr sind vorhanden. Wer selbst anpacken möchte, dem steht eine tolle Gastroküche zur Verfügung, ausgestattet mit Buffet, Induktionsfelder, Tellerwärmer, Gastro-Steamer, Kühlschrank, Geschirrspüler, Kühltheke, Kaffeemaschine und einer Auswahl an Getränken. Eine attraktive überdachte Aussenterrasse mit malerischem Blick auf den Untersee und die Burg Hohenklingen lädt zum Pausieren und Geniessen ein. Viel Holz schafft ein wohliges Ambiente. Familie Engel bietet in ihrem Hofladen Gemüse und Früchte aus eigener Produktion zur Verwendung an. Ein Apéro mit kalter Platte sowie Dekorationen und Floristik richtet das Familienunternehmen in dritter Generation ebenfalls gerne aus. Auf Wunsch organisiert der Früchtehof für die weitere Verpflegung ein passendes Catering mit einem regionalen Partyservice. Gästen steht es aber auch frei, ihr eigenes Catering mitzubringen.;8.913065086888112;47.64458355;Hauptstrasse 15;8265;Mammern;+452 741 24 67;info@engel-mammern.ch;https://www.engel-mammern.ch/;[{'@type': 'ImageObject', 'contentUrl': 'https://tgtpimtsoch.sos-ch-dk-2.exoscale-cdn.com/catalog/1/c/b/4/1cb4ba61c17f50b7c1bb8db7ff40dc142f984740_8__2.jpg'}];2026-01-14T13:20:57+01:00
3830dfc2-adac-486c-a575-93b3fcf4970c;Chocolarium - die Glücksfabrik von Munz und Minor;Die beliebte Schokoladen-Erlebniswelt von Munz und Minor lädt zu einer süssen Reise auf die Suche nach dem Glück ein. Das Chocolarium bietet einen interaktiven Erlebnis-Rundgang, Einblick in die Live Produktion und diverse Schoggi-Kurse an. Naschen erwünscht!;Wer Schokolade liebt, kommt um einen Besuch im Chocolarium nicht herum. Auf dem interaktiven Erlebnis-Rundgang entdecken Schoggifans auf spielerische Weise viel Wissenswertes über Schokolade – und wie das Glück seinen Weg in jede Tafel findet.
Von der Glasgalerie aus lässt sich hautnah beobachten, wie die beliebten Produkte von Munz und Minor entstehen.
Ein besonderes Highlight bietet der Raum für individuelles Glück: Verschiedene Schokoladenbrunnen laden dazu ein, die Sorten Weiss, Milch, Dunkel, Himbeere und sogar vegane Gianduja zu probieren und zu bewerten – Naschen ist hier ausdrücklich erwünscht.
Zum Abschluss wird der Rundgang mit einer süssen Erinnerung abgerundet: Die Show‑Confiseurin giesst eine frische Schoggitafel oder – wahlweise – zwei Schokoladenherzen, die nach Herzenslust verziert werden dürfen. Dieses persönliche Kunstwerk nehmen die Gäste anschliessend als süsse Erinnerung mit nach Hause.
Das Chocolarium, eines der beliebtesten Ausflugsziele der Ostschweiz, heisst alle Besucherinnen und Besucher herzlich willkommen!;9.1649342;47.4130675;Toggenburgerstrasse 41;9230;Flawil SG;+41 71 228 38 88;info@chocolarium.ch;https://www.chocolarium.ch/;[{'@type': 'ImageObject', 'contentUrl': 'https://tgtpimtsoch.sos-ch-dk-2.exoscale-cdn.com/catalog/3/9/4/4/39446d3423b65e3ef179311b78bfbcd8dcc3d3e8_Flawi_Chocolarium_Tour_Familie.jpg'}];2026-04-28T11:54:03+02:00
4322dd9f-759c-4175-bcb3-93b330d9d4f9;Erlebnis- und Büffelhof Bolderhof;Der Bolderhof in Hemishofen bietet Bio-Landwirtschaft zum Erleben, Begegnungen mit Wasserbüffeln, regionale Spezialitäten, einzigartige Übernachtungen und Kuh-le Aktivitäten für Gross und Klein.;<p>Der Bolderhof in Hemishofen ist ein Bio- und B&uuml;ffelhof, eingebettet in die naturnahe Rheinlandschaft nahe dem Bodensee. Der landwirtschaftliche Betrieb verbindet nachhaltige Landwirtschaft mit naturnahen &Uuml;bernachtungsm&ouml;glichkeiten und einem Bio-Hofrestaurant, das regionale Spezialit&auml;ten aus biologischer Produktion bietet. Als einer der wenigen H&ouml;fe in der Schweiz mit Wasserb&uuml;ffelhaltung und einem der gr&ouml;ssten Agroforstprojekte des Landes setzt der Bolderhof auf Innovation und Biodiversit&auml;t. Erg&auml;nzt wird das Angebot durch authentische Natur- und Tiererlebnisse wie Kuhreiten, Wasserb&uuml;ffel streicheln und H&uuml;hner besuchen.</p><p>Mit Bio-Hofrestaurant, aussergew&ouml;hnlichen &Uuml;bernachtungsm&ouml;glichkeiten, Wasserb&uuml;ffelhaltung und authentischen Naturerlebnissen verbindet der Bolderhof Genuss, Erholung und Landwirtschaft auf einzigartige Weise.</p>;8.821288;47.6845802;Bolderhof 1;8261;Hemishofen;+41 52 742 40 48;info@bolderhof.ch;https://www.bolderhof.ch/;[{'@type': 'ImageObject', 'contentUrl': 'https://tgtpimtsoch.sos-ch-dk-2.exoscale-cdn.com/catalog/6/0/4/2/6042f349996d5c801d3a655c28bfba572877fe02_Muttertag_2024_snipp.JPG'}];2026-08-05T20:36:29+02:00
539c2101-8d9d-431a-b317-7facf577f206;Schloss Herdern;Das Schloss Herdern ist ein markantes historisches Bauwerk mit mittelalterlichen Ursprüngen. Der charakteristische Turm mit Zwiebelhaube prägt das Ortsbild und macht das Schloss zu einem bedeutenden Kulturdenkmal im Thurgau.;<p>Das Schloss Herdern erhebt sich im Dorfzentrum von Herdern. Die Urspr&uuml;nge der Anlage reichen bis ins Mittelalter zur&uuml;ck. Besonders markant ist der achteckige Schlossturm mit seiner weithin sichtbaren Zwiebelhaube, der das Ortsbild von Herdern entscheidend pr&auml;gt. Im Laufe der Jahrhunderte entwickelte sich die ehemalige Wehranlage zu einem repr&auml;sentativen Schloss. Die Verbindung von mittelalterlicher Bausubstanz und barocker Architektur verleiht dem Ensemble seinen besonderen Charakter. Umgeben vom historischen Dorfkern bildet das Schloss Herdern einen bedeutenden kulturellen und architektonischen Bezugspunkt der Region. Neben seiner architektonischen Bedeutung ist das Schloss Herdern auch eng mit der Sozialgeschichte des Thurgaus verbunden. Das Schloss dient seit vielen Jahren als Standort einer sozialen Institution und steht beispielhaft f&uuml;r den Wandel historischer Bauwerke. Die eindrucksvolle Anlage vereint Geschichte, Kultur und gesellschaftliche Entwicklung und geh&ouml;rt zu den bedeutenden Kulturg&uuml;tern des Kantons Thurgau.</p>;8.9100273;47.6041186;Haldenstrasse 1;8535;Herdern;https://www.schlossherdern.ch/;[{'@type': 'ImageObject', 'contentUrl': 'https://tgtpimtsoch.sos-ch-dk-2.exoscale-cdn.com/catalog/b/8/3/2/b832e30d9cfdf9e30d9e2fc0ea565a9be82dd67f_medium__Herdern_Schloss_Herdern_3.jpg'}];2026-06-16T10:55:14+02:00
5d70d1a1-f5ea-40ef-8ac0-19d10d74482b;Begegnungszentrum DAS TRÖSCH;DAS TRÖSCH ist ein lebendiger Treffpunkt für alle Menschen im Zentrum von Kreuzlingen. Als offenes Begegnungszentrum schafft es Raum: zum Mieten, zum Mitgestalten und einfach zum Sein.;<p>Mitten in Kreuzlingen bietet das Begegnungszentrum DAS TR&Ouml;SCH einen modernen und farbenfrohen Ort f&uuml;r Menschen und ihre Ideen. Sieben flexibel nutzbare R&auml;ume stehen zur Miete bereit &ndash; individuell einrichtbar und ideal f&uuml;r Kurse, Sitzungen, Feiern und vieles mehr. Das engagierte Tr&ouml;sch-Team begleitet pers&ouml;nlich und kompetent bei der Raumauswahl und Planung.</p><p>Ob N&auml;hkurs, Yoga-Session, Vereinssitzung oder Kindergeburtstag: Im Tr&ouml;sch findet alles Platz, was Menschen verbindet. Das Caf&eacute; und die Dachterrasse laden von Montag bis Freitag zum Verweilen ein &ndash; offen f&uuml;r alle.</p>;9.17406813904729;47.650579;Hauptstrasse 42;8280;Kreuzlingen;+41715212111;info@dastroesch.ch;https://www.dastroesch.ch;[{'@type': 'ImageObject', 'contentUrl': 'https://tgtpimtsoch.sos-ch-dk-2.exoscale-cdn.com/catalog/e/7/7/9/e779d354adb24f23a51fd302b8e3d8f36afb0418_DasTroesch2022_185.jpg'}];2026-05-20T14:48:29+02:00
607cb610-9eed-4b48-a628-402841ac0161;Historisches Museum Thurgau;Aushängeschild des Historischen Museums Thurgau ist das Schloss Frauenfeld, ein Kulturdenkmal von nationaler Bedeutung. Das Schloss lädt auf eine vielfältige Reise in die Vergangenheit ein und repräsentiert Thurgauer Geschichte aus beinahe 800 Jahren. Der Eintritt ist frei.;Die Schlossausstellung «Geheimnis Mittelalter» vermittelt Jung und Alt spielerisch aufbereitete Animationen, atmosphärisch inszenierte Schlossräume und ein lehrreicher Rundgang. Ebenfalls wird geschichtliches Wissen über den Thurgau im Spätmittelalter, als Schloss Frauenfeld zweimal im Brennpunkt des Weltgeschehens stand, aufgezeigt.

Besucherinnen und Besucher können die bewegte Zeit zwischen dem Konzil 1414 und der Reformation 1517 sinnlich nachfühlen, begleitet von vier Schlossfiguren, die mit fesselnden Dialogen, Geräuschen und Lichtspielen die ferne Epoche lebendig machen.

Familien mit Kindern entdecken Schloss Frauenfeld mit dem Rätselkartenset Kati und Sven, erfahren Stadtgeschichte auf dem Leuli-Trail oder begeben sich mit dem Smartphone-Game auf eine actionreiche Spurensuche.;8.8968444;47.5551918;Rathausplatz 2/Schloss Frauenfeld;8500;Frauenfeld;058 345 73 80;historisches.museum@tg.ch;http://www.historisches-museum.tg.ch/;[{'@type': 'ImageObject', 'contentUrl': 'https://tgtpimtsoch.sos-ch-dk-2.exoscale-cdn.com/catalog/2/2/6/2/2262c85393d5c115c45a8db2255adb01034273f6_Schloss_Frauenfeld_neu_quer.JPG'}];2026-02-24T13:13:55+01:00
62820559-537c-43f8-bfd3-8865ceb19e7f;Wasserschloss Hagenwil;Die historischen Räumlichkeiten des Wasserschlosses Hagenwil verführen mit ihrem individuellen Charme. Seit über 200 Jahren ist das Schloss in Familienbesitz der Familie Angehrn.;Der Gastgeber Andi Angehrn und sein Team legen grössten Wert auf eine frische Küche mit hochwertigen Produkten aus Betrieben mit natur- und tiergerechter Produktion. Die abwechslungsreichen Kreationen des Thurgauer Gastronomen entzücken Augen und Magen. Dank der hohen Qualität und der konstanten Leistungen konnte sich Andi Angehrn mit seinem Team 2012 über die Aufnahme in die Gilde der etablierten Schweizer Gastronomen freuen.

Kultur ist der Familie Angehrn wichtig, deshalb pflegen sie diese mit Veranstaltungen in der Burgbar, den Schlossfestspielen Hagenwil oder mit dem Erntedankfest. Die Räume des Wasserschlosses bieten gemütliches Ambiente für Anlässe mit bis zu 110 Personen, bei Apéros finden bis zu 150 Gäste Platz. 

Das Wasserschloss Hagenwil verfügt über Zimmer, die noch im Originalzustand sind. Im Himmelbettzimmer ist auf Anfrage eine Übernachtung möglich, zum Beispiel für ein Hochzeitspaar, Geburtstagskinder usw.;9.3052422;47.5291497;Schloss-Strasse 1;8580;Hagenwil bei Amriswil;+41 71 411 19 13;info@schloss-hagenwil.ch;http://www.schloss-hagenwil.ch/;[{'@type': 'ImageObject', 'contentUrl': 'https://tgtpimtsoch.sos-ch-dk-2.exoscale-cdn.com/catalog/e/4/2/4/e4249ba50c75c26e0ee3dc436f1a2d002e1add8d_Wasserschloss_Hagenwil_Aussen_001__4.jpg'}];2026-01-13T13:29:07+01:00
7a058edf-e702-4ac3-bd81-b13b46d170e5;Eventraum Plan & Werke;Der Eventraum der Plan und Werke AG in Weinfelden mit Kamin und begrünter Dachterrasse mit Grill lädt bis zu 40 Personen zum Feiern und Tagen ein. Für das leibliche Wohl sorgt die hauseigene Köchin.;Hochzeit, Geburtstag oder Corporate Event – in den Räumen der Plan und Werke wird gefeiert, gekocht und getagt. Die Räume bestechen durch exklusives Ambiente, edelste Materialen und moderne Technik. Vier topmodern ausgerüstete Küchenwelten stehen für Kochkurse und Veranstaltungen zur Verfügung. Highlights sind der spektakuläre Weinturm mit über 1500 Spitzenweinen aus der ganzen Welt und die 130 qm grosse Terrasse mit Lounge, Bar, Open Space und schliessbarem Dach. Zwei je 150 qm grosse Musterwohnung eignen sich besonders für Meetings, bei denen man sich wie Zuhause fühlt. Die hauseigene Köchin erfüllt jeden kulinarischen Wunsch und legt dabei grossen Wert auf regionale und saisonale Produkte.;9.1324135;47.5603985;Oberfeldstrasse 2;8570;Weinfelden;+41 71 503 10 10;info@planwerke.ch;https://www.planwerke.ch/de/;[{'@type': 'ImageObject', 'contentUrl': 'https://tgtpimtsoch.sos-ch-dk-2.exoscale-cdn.com/catalog/7/8/0/0/7800c2f3ebc91db84d2df29b6fd9f5a9e6f8d848_Weinfelden_Plan_und_Werke_Eventraum.jpg'}];2025-06-24T21:18:07+02:00
862dedef-7833-4938-a971-8f8873328999;Naturmuseum Thurgau;Die Thurgauer Natur und ihre Bewohnenden auf einen Blick gibt’s im Naturmuseum Thurgau. Spannende Sonderausstellungen, interaktive Rundgänge und der Museumsgarten ergänzen das Erlebnis und machen aus dem Besuch eine Naturentdeckungsreise.;<p>Das Naturmuseum Thurgau befindet sich in der Altstadt von Frauenfeld. Es nimmt Besuchende mit auf eine Entdeckungsreise durch die Natur der Region. Auf drei Stockwerken sind über 1000 Pflanzen- und Tierpräparate vom Käfer bis zum mächtigen Bären ausgestellt. Ein naturgetreu nachgebauter Biberbau und die lebenden Ameisen begeistern genauso wie verschiedene interaktive «begreif»-Stationen, wie Streichelfelle oder Puzzles. Der Audiorundgang «Mit Monty im Museum» nimmt kleine und grosse Museumsgäste mit auf einen vergnüglichen Ausstellungsrundgang. Unter demselben Dach befindet sich zudem das Museum für Archäologie Thurgau. Im Sommer bietet der archäobotanische Museumsgarten mit verschiedenen Nutz- und Kulturpflanzen Natur zum Anfassen. Nach dem Rundgang lädt das Museumscafé zum Verweilen ein. Im Foyer bietet der Museums-Shop ein ausgewähltes Angebot an Büchern, Spielen, Ansichtskarten und Repliken. Museum und Garten sind hindernisfrei.</p>;8.8986052;47.5565939;Freiestrasse 24;8510;Frauenfeld;+41 58 345 74 00;naturmuseum@tg.ch;http://www.naturmuseum.tg.ch/;[{'@type': 'ImageObject', 'contentUrl': 'https://tgtpimtsoch.sos-ch-dk-2.exoscale-cdn.com/catalog/8/8/6/f/886f696e5b7b8f1a9a8d18b98850c2cbee96dced_NaturmuseumThurgauEingangGarten.jpg'}];2026-01-09T16:39:02+01:00
8e83a4d7-decf-4c7d-afd5-b34880160abb;Schloss Liebenfels;Schloss Liebenfels thront über den Hügeln des Seerückens. Das fast 800 Jahre alte Bauwerk mit kunstvollen Fresken, geheimnisvollen unterirdischen Gängen und einem 24 Hektar grossen Anwesen mit Wäldern und eigener Quelle ist ein bedeutendes, privat geführtes Kulturdenkmal.;<p>Einst als strategischer Vorposten erbaut, reicht die Gr&uuml;ndung von Schloss Liebenfels auf Ritter Ulrich von Liebenfels bis ins Jahr 1254 zur&uuml;ck. Die fr&uuml;here Festung der Herren von Liebenfels, sp&auml;ter im Besitz der Familien Tettikofen und Lanz, diente im 15. Jahrhundert diplomatischen Zwecken, als Hans Lanz im Rittersaal das Konzil von Konstanz vorbereitete. Verschiedene Umbauten pr&auml;gen das heutige Erscheinungsbild. Nach Zeiten des Niedergangs wechselte die Anlage mehrfach den Besitzer, bis der Dichterfreund Adolf Ludwig Follen sie 1848 erwarb und ihr neuen Glanz verlieh. Seit 1991 befinden sich Schlosskapelle und Rittersaal in den H&auml;nden der heutigen Eigent&uuml;mer, die das Anwesen restaurierten und f&uuml;r kommende Generationen bewahren. Bis heute bleibt die Anlage in Privatbesitz. Besuchende werden gebeten, die Privatsph&auml;re zu respektieren und die Sch&ouml;nheit des Ortes von &ouml;ffentlich zug&auml;nglichen Aussichtspunkten zu geniessen.</p>;8.9259179;47.631372;Liebenfels 1;8506;Lanzeneunforn;https://www.schlossliebenfels.ch/;[{'@type': 'ImageObject', 'contentUrl': 'https://tgtpimtsoch.sos-ch-dk-2.exoscale-cdn.com/catalog/e/3/b/0/e3b0bf7693ebe5f2e02a7035ea640aca2ba3fe57_Herdern_Schloss_Liebenfels__2_.jpg'}];2026-06-22T11:02:03+02:00
93587f7d-a796-4a98-a0fd-77fdd1d6529a;Strohhotel Bodensee;Ob Heu oder Stroh, kuschlig ist's alleweil. Das Strohhotel in Frasnacht ist das familiäre Übernachtungsangebot mit viel Charme direkt am Bodensee. Das Strohlager scheint zu abenteuerlich? In den einfach eingerichteten Zimmern finden Gäste bestimmt Erholung vom turbulenten Alltag.;<p>Der Bauernhof liegt in ländlicher Umgebung direkt am Bodenseeradweg (Route 2) mit 100 Meter Seeentfernung. Der Seezugang ist in unmittelbarer Nähe und ideal für eine kleine Abkühlung an heissen Sommertagen oder auch als Ein- und Ausstiegsplatz für Kanu, Kajak und SUP. Am See gibt es eine Grillmöglichkeit.<br><br>Ob im Stroh, in einem Familienzimmer, in einem Doppelzimmer oder in der Ferienwohnung, Familien und Individualgäste fühlen sich im Strohhotel am Bodensee einfach wohl.<br><br>Auf dem Hof gibt es Milchkühe, Kälber, Hühner und Kaninchen.</p>;9.4084453;47.5301154;Kratzern 39;9320;Frasnacht;+41 76 307 54 55;strohhotel@bluewin.ch;http://www.strohhotelbodensee.ch;[{'@type': 'ImageObject', 'contentUrl': 'https://tgtpimtsoch.sos-ch-dk-2.exoscale-cdn.com/catalog/b/d/f/3/bdf33a0ce137dca166084cf4f2c0cafd9a813c60_Strohhotel_Bodensee.jpg'}];2026-02-25T10:09:09+01:00
93a29617-bffc-4a9d-b717-81021556d02d;Feierlenhof;Der Feierlenhof Altnau liegt hoch erhoben über dem Bodensee inmitten von grüner Landidylle. Auf dem aktiven Obstbaubetrieb geniessen Gäste die malerische Sicht auf den See und Feines aus dem Hofladen. Der Feierlenhof ist der optimale Ort für Ferien auf dem Bauernhof oder für Feste umgeben von Apfelhainen.;<p>Am oberen Dorfrand des Apfeldorfes Altnau liegt der Feierlenhof in einer wunderbaren Wander- und Veloregion inmitten von Obsthainen und mit Sicht auf den Bodensee. Der Altnauer Apfelweg erzählt über das rotbackige Früchtchen und der Feierlenhof lädt zur Pause ein! Im Hofladen bedienen sich die Gäste mit Kaffee und Kuchen, erfrischenden Getränken oder machen sich ein Plättli aus Schüblig und regionalem Käse. Auch Firmenanlässe, Familienfeste und Hochzeiten werden hier gefeiert. Essen draussen unter Kirschbäumen oder in der Scheune sind möglich. Alles was aufgetischt wird, kommt direkt mit viel Liebe vom Hof oder aus der Region. Urchiges Rahmenprogramm wie Most pressen, Hufeisen werfen oder Butter schütteln runden das Programm ab. Für Ferien auf dem Hof stehen verschiedene Wohnungen zur Verfügung und für Kinder ist es ein wahres Paradies. Die vielen Tiere warten auf Streicheleinheiten, Trottis, Gokarts oder Traktore auf Wettrennen. Spielplätze laden zum Schaukeln und Rutschen ein.</p>;9.259662342395993;47.6028835;Bleihofstrasse 25;8595;Altnau;+41 71 695 23 72;info@feierlenhof.ch;http://feierlenhof.ch/;[{'@type': 'ImageObject', 'contentUrl': 'https://tgtpimtsoch.sos-ch-dk-2.exoscale-cdn.com/catalog/d/1/7/8/d1783c21ce9ca1bb4d82b92aa20dd713d9b2c75a_Altnau_Feierlenhof_Ansicht_Haus_2.jpg'}];2025-05-17T06:09:34+02:00
9e3807b2-86ac-447c-ae44-d1e4863fd444;GameScore Interaktives Spielemuseum;Das interaktive Spielemuseum GameScore in Münchwilen ist ein familienfreundliches Ausflugsziel, das Spielgeschichte von klassischen Brettspielen bis zu modernen Videospielen erlebbar macht und Generationen zum gemeinsamen Entdecken, Spielen und Staunen einlädt.;<p>GameScore ist ein interaktives Spielemuseum in M&uuml;nchwilen im Kanton Thurgau und widmet sich der Spielkultur von klassischen Brettspielen &uuml;ber Flipper und Arcade Automaten bis hin zu Konsolen und Videospielen sowie Virtual Reality Erlebnissen. Der Fokus liegt auf dem aktiven Erleben. Zahlreiche Exponate sind spielbar und f&ouml;rdern den generations&uuml;bergreifenden Austausch. Als familienfreundliches Ausflugsziel verbindet GameScore Kultur, Freizeit und Bildung auf einzigartige Weise.</p><p>Das Museum zeichnet sich durch seine konsequent interaktive Ausrichtung, die Vielfalt der Spielwelten und den niederschwelligen Zugang f&uuml;r unterschiedliche Altersgruppen aus. Ab dem 10. Februar stehen zus&auml;tzlich zehn Virtual Reality Escape R&auml;ume zur Verf&uuml;gung. Die Lage direkt an der Autobahn sowie die gute Erreichbarkeit mit dem &ouml;ffentlichen Verkehr erm&ouml;glichen einen kurzen Anfahrtsweg. Im integrierten Brettspielkaffee stehen rund 450 Brettspiele zur freien Nutzung bereit. Insgesamt ist GameScore ein attraktives Ziel f&uuml;r Familien, Gruppen und Spieleinteressierte.</p>;8.9959358;47.4832345;Murgtalstrasse 20;9542;Münchwilen TG;+41763990993;info@gamescore.ch;https://www.gamescore.ch/;[{'@type': 'ImageObject', 'contentUrl': 'https://tgtpimtsoch.sos-ch-dk-2.exoscale-cdn.com/catalog/c/a/3/b/ca3b01533f48f4cf586f926b0f74bef325162b58_ef604721_5830_490b_b6ca_4dc5fdc2f140.jpg'}];2026-01-12T07:43:16+01:00
a656872b-95da-4f01-aa5e-ec1d706c843c;Hof-Tschannen;Ferien mit See- und Bergblick, dem Alltag den Rücken kehren, in der Thurgauer Landidylle auftanken? Der Bauernhof Tschannen machts möglich. Gäste verbringen Urlaub inmitten des bäuerlichen Alltags mit Tieren und aktiver Landwirtschaft. Ein währschaftes Bauernfrühstück ist inklusive.;Der Hof Tschannen liegt mitten im Grünen am Dorfrand von Illighausen mit herrlichem Blick auf den Bodensee und in den Alpstein. Besuchende können auf Stroh oder im Gästezimmer übernachten. Es wird ein reichhaltiges Bauernfrühstück mit hausgemachten Produkten angeboten. Auf Anfrage ist Halb- und Vollpension erhältlich. Ein grosser Hofplatz, ein überdachter Sandkasten, Rutschbahn, viele Spielzeuge oder ein Garten zum Austoben lassen Kinderherzen höherschlagen. Tierfreunde helfen der gastfreundlichen Familie Tschannen beim Füttern der Rinder oder beim Einsammeln der Hühnereier. Wer's gemütlicher mag, streichelt die Hofbüsis oder schaut den Schweinchen und Hasen zu. Der Wald mit einer Grillstelle ist nur 100 Meter vom Hof entfernt. Der heizbare Aufenthaltsraum lädt zum Verweilen ein. Auch Kindergeburtstage werden gerne ausgerichtet.;9.214230175896676;47.61307795360362;Lindenhof 1B;8574;Illighausen;+41 71 688 16 42;info@hof-tschannen.ch;http://www.hof-tschannen.ch/;[{'@type': 'ImageObject', 'contentUrl': 'https://tgtpimtsoch.sos-ch-dk-2.exoscale-cdn.com/catalog/c/9/6/8/c968e906173dbbd7b40a25132ded1817c215c38e_Illighausen_Hof_Tschannen_schlafen_im_Stroh.jpg'}];2026-03-17T09:26:58+01:00
aa480876-d99f-48bc-87d5-67e015a87139;Napoleonmuseum Arenenberg;Der Arenenberg liegt an einem der schönsten Plätze am Bodensee. Im Schloss befindet sich das Napoleonmuseum. Hier sind die original eingerichteten Wohnräume der kaiserlichen Familie Napoleons III. zu sehen.;Nach dem Sturz Napoleons l. musste seine Stieftochter, die holländische Königin Hortense, aus Frankreich fliehen. Im Jahr 1817 kaufte sie das Schlossgut Arenenberg und machte es zu ihrem Exilsitz. Sie baute um und stattete die prachtvollen Salons stilsicher und mit viel Pariser Flair aus. Aus Frankreich brachte sie ihren siebenjährigen Sohn, Louis Napoléon mit, der hier im Thurgau am Bodensee aufwuchs und bis zu seinem einunddreissigsten Lebensjahr lebte. Danach gelangte er mit Umwegen zurück nach Frankreich und ging unter dem Namen Napoleon III. als letzter französischer Kaiser in die Geschichte ein. Seine Frau, Kaiserin Eugénie, erweiterte das Schloss um zusätzliche Salons. 1906 schenkte Eugénie das Anwesen dem Kanton Thurgau, der in dem Schlossgut ihrem Wunsch gemäss das Napoleonmuseum und eine Schule für die Thurgauer Landwirtschaft einrichtete. Beides besteht bis heute.;9.0592034;47.6726822;Arenenberg 1;8268;Salenstein;+41 58 345 74 10;napoleonmuseum@tg.ch;https://napoleonmuseum.tg.ch/;[{'@type': 'ImageObject', 'contentUrl': 'https://tgtpimtsoch.sos-ch-dk-2.exoscale-cdn.com/catalog/5/1/c/9/51c937e3bf4a3e6a76184a467b5c9afed7765ba7_Schloss_Arenenberg.jpg'}];2026-04-28T08:06:19+02:00
b1708e92-657a-40e4-9cfe-32b821cf7310;Museum für Archäologie;Das Museum für Archäologie liegt, zusammen mit dem Naturmuseum, mitten in der Altstadt von Frauenfeld. Die Ausstellung zeigt das reichhaltige archäologische Erbe des Kantons Thurgau von den Pfahlbauern über die Kelten bis zu den Römern. Der Eintritt ist frei.;Auf einem spannenden Rundgang durchstreifen Gäste im Museum für Archäologie in Frauenfeld 10'000 Jahre Vergangenheit des Kantons Thurgau. Die Funde aus den hiesigen Pfahlbauten – seit 2011 UNESCO-Welterbe – liefern interessante Informationen zum Alltag vor Jahrtausenden im Bodenseeraum. Höhepunkte sind etwa das älteste Goldgefäss der Schweiz oder eine gallo-römische Holzstatue. Spannende Wechselausstellungen ergänzen das Angebot. Der neue Mitarbeiter, Archie der Dachs, nimmt Familien mit auf Spurensuche durchs Museum, lässt Details in den Vitrinen suchen und animiert zum Zeichnen und Basteln. Für das richtige Lösungsworts gibt’s eine Belohnung. Unterm gleichen Dach befindet sich auch das Thurgauer Naturmuseum. Der gemeinsame archäobotanische Garten im Vorhof der Museen macht die Vielfalt und Geschichte unserer Kultur- und Nutzpflanzen erlebbar. Nach dem Rundgang lädt das Museumscafé zum Verweilen ein. Museum und Garten sind hindernisfrei.;8.8984937;47.5564574;Freiestrasse 24;8510;Frauenfeld;+41 58 345 74 00;archaeologie@tg.ch;https://archaeologiemuseum.tg.ch;[{'@type': 'ImageObject', 'contentUrl': 'https://tgtpimtsoch.sos-ch-dk-2.exoscale-cdn.com/catalog/9/d/1/5/9d1544a0625fe305dd52c0b45f4d1b4cde9f2801_Museum_fuer_Archaeologie_Eingang_4000x3000px__2.jpg'}];2026-05-14T22:06:49+02:00
b31d0dec-c369-4059-8c31-c17ec106b81e;Kunstmuseum Thurgau;Das Kunstmuseum Thurgau setzt mit seiner hochkarätigen Sammlung sowie attraktiven Wechselausstellungen einen spannenden Gegenpol zur Vergangenheitsidylle des ehemaligen Klosters.;Den Kern des Museums bildet die seit 1942 bestehende kantonale Kunstsammlung, die unter anderem die Nachlässe von Adolf Dietrich, Carl Roesch und Hans Krüsi umfasst. Insgesamt verwaltet das Museum über 30'000 Sammlungsobjekte, von der Fotografie über Zeichnungen und Gemälden bis zur raumgreifenden Installation. Ausserdem haben international bekannte Künstlerinnen und Künstler eigens für den Kontext der Kartause Ittingen neue Werke entwickelt. Janet Cardiffs «Ittingen Walk» führt das Publikum auf einen unkonventionellen Rundgang durch die beiden Museen. «Die verstummte Bibliothek» von Joseph Kosuth thematisiert die Ordnung des Wissens, während Muda Mathis in ihrem «Paradies» die biblische Geschichte auf ganz unkonventionelle Art und Weise neu erzählt.;8.866288661956789;47.58376337739829;8532;Warth;+41 58 345 10 60;sekretariat.kunstmuseum@tg.ch;http://www.kunstmuseum.tg.ch;[{'@type': 'ImageObject', 'contentUrl': 'https://tgtpimtsoch.sos-ch-dk-2.exoscale-cdn.com/catalog/0/8/b/3/08b3b85fa206da9e36f970598bcb552d05ace39c_Kunstmuseum_Thurgau_750x480.jpg'}];2026-03-29T11:44:02+02:00
b4380614-1e07-4934-b904-8649cd55daec;Ittinger Museum;Das Ittinger Museum gibt einen lebendigen Einblick in die Geschichte der Gebäude und ihrer Bewohner. In den kargen Mönchszellen lässt sich nachempfinden, wie die Kartäuser in Stille und Einsamkeit Gottes Nähe suchten.;Der reich ausgestattete Essraum sowie die prächtige Rokoko-Kirche präsentieren sich bis heute so, als lebten und beteten noch Mönche in Ittingen. Gleichzeitig erzählt der Billardtisch im Kapitelsaal von der Auflösung des Klosters 1848 und von der darauffolgenden Nutzung des Ortes als Herrschaftssitz einer Gutsherrenfamilie. Die Themen und Geschichten rund um das Kloster und den Kartäuserorden werden mittels Audioguide, Hörspielen für Kinder und Publikationen einem breiten Publikum nähergebracht. 

Auch der Aussenraum ist vom mönchischen Leben geprägt, wie die Besucher auf vier Themenpfaden durch die Gärten der Kartause erfahren können. Wer mit offenen Augen durch die Anlage streift, stösst inmitten der Blütenpracht heutiger Bepflanzung immer wieder auch auf Fragmente historischer Gartengestaltung.;8.866385221481325;47.58356066997053;8532;Warth;+41 58 345 10 60;sekretariat.kunstmuseum@tg.ch;http://www.kunstmuseum.tg.ch/;[{'@type': 'ImageObject', 'contentUrl': 'https://tgtpimtsoch.sos-ch-dk-2.exoscale-cdn.com/catalog/1/1/b/7/11b7f2ba19d4cb77725f86a6f495ae1ea7a60993_0_130814_Ansicht_Kartause.1.jpg'}];2026-03-24T03:43:13+01:00
bba7bf07-6af7-468a-9847-fac7a732fdde;Typorama – Museum für Satz und Druck;Das Typorama in Bischofszell ist ein typographisches Museum und zugleich ein Produktionsbetrieb, in dem noch heute Druckerzeugnisse in der faszinierenden Bleisatz-Technik hergestellt werden und diese Technik bei Führungen direkt erlebt wird. Es befindet sich unterhalb der historischen Altstadt.;Eine Handsetzerei beherbergt in acht Gassen Hunderte von Schriftgarnituren. Auch sind dreizehn verschiedene Typen Bleisetzmaschinen voll einsatzbereit. Im Maschinensaal stehen eine Kniehebel-Handpresse, zwei Boston-Handtiegelpressen, sieben Tiegel-Schnellpressen verschiedener Bauart, eine Stoppzylinder-Schnellpresse, zwei Stoppzylinder-Automaten (einer davon vertikal), zwei Eintouren-Automaten sowie ein Zweitouren-Automat. Die Sammlung wird abgerundet durch die ersten den Bleisatz ablösenden Fotosatzgeräte. Zudem ermöglicht eine komplette Buchbinderei die Produktion von Büchern. Man kann das Typorama entweder zum einfachen Rundgang besuchen oder eine komplette Führung mit Apéro buchen. Das Museum ist ausserdem jeden Mittwochnachmittag für Kinder geöffnet. Die Kleinen können selber Hand anlegen und ihre Texte und Bilder unter Anleitung setzen und drucken. In den Workshops lernt man nicht nur Linolschnitt oder Buchbinden, sondern sogar die Bedienung einer Setz- oder Druckmaschine.;9.2339237;47.4927213;Fabrikstrasse 30a;9220;Bischofszell;+41 71 422 28 20;info@typorama.ch;https://www.typorama.ch/;[{'@type': 'ImageObject', 'contentUrl': 'https://tgtpimtsoch.sos-ch-dk-2.exoscale-cdn.com/catalog/c/0/c/7/c0c78d5d863fb5d5b5c61250a95e60ee6aba2c8b_Hamm2_Klein.jpg'}];2026-05-05T15:48:54+02:00
c14a3a22-c7e2-4e2b-bd8f-c4092342bd43;Schloss Kefikon;Aushängeschild für Geschichte und Bildung im Thurgau ist das Schloss Kefikon, ein einzigartiges historisches Anwesen mit Wurzeln im 13. Jahrhundert. Die Schlossanlage lädt auf eine Entdeckungsreise durch fast 800 Jahre bewegte Geschichte ein und verbindet historische Architektur, landschaftliche Schönheit und moderne Bildung.;<p>Erstmals 1241 urkundlich erw&auml;hnt, geh&ouml;rte das Schloss Kefikon bis 1798 zu den Lehen des Klosters Reichenau. Bedeutende Pers&ouml;nlichkeiten wie Hans Konrad Escher von der Linth, Erbauer des Linthkanals, pr&auml;gten das Anwesen. 1906 wurde das Schloss von August Bach f&uuml;r die Gr&uuml;ndung eines Landerziehungsheims erworben. Nach einem Brand 1929 erfolgte eine Renovation, bei der unter anderem das Mansarddach und der Treppengiebel des Wohnturms entstanden. Heute ist das Schloss Kefikon vor allem als Standort der Privatschule Schloss Kefikon bekannt, die &uuml;ber 100 Jahre Tradition vereint. Das vielf&auml;ltige Gel&auml;nde mit altem Schloss, Schulhaus, Park, Schwimmbad, Spielh&uuml;gel Nufa und dem gr&ouml;ssten Naturweiher der Schweiz bietet Familien, Schulklassen und Besucherinnen und Besuchern spannende Einblicke in Geschichte, Natur und Bildung.</p>;8.8321566;47.5492704;Schlossweg 1;8546;Kefikon;https://de.wikipedia.org/wiki/Schloss_Kefikon;[{'@type': 'ImageObject', 'contentUrl': 'https://tgtpimtsoch.sos-ch-dk-2.exoscale-cdn.com/catalog/5/d/a/8/5da8908d93d8ac9d161930fc96fa0a79faa8c5d3_large__Kefikon_Schloss_Kefikon_2.jpg'}];2026-06-16T14:31:49+02:00
ca4e5120-309d-4aff-93e4-7d12822d05e2;MoMö - Schweizer Mosterei- und Brennereimuseum;Das MoMö - Mostindiens Nationalmuseum - ist der Erlebnisort für die ganze Familie: Das Schweizer Mosterei- und Brennereimuseum lädt ein zum Entdecken, zum Lernen und zum Spass haben.;<p>Kennst du den Gr&uuml;nder der Mosterei M&ouml;hl? Du erf&auml;hrst es vor Ort im MoM&ouml;. W&uuml;rdest du dich zum Safthandwerker eignen? Unsere Mostfabrik testet dein Wissen. Kennst du die fleissigste Bienenart? Vor Ort erf&auml;hrst du alles &uuml;ber diese Best&auml;ubungsk&uuml;nstler. Du m&ouml;chtest bodenst&auml;ndiges Essen und Trinken? In der dazugeh&ouml;rigen Bar erhalten G&auml;ste kleine K&ouml;stlichkeiten aus der Region und nat&uuml;rlich M&ouml;hl-Spezialit&auml;ten. Die Familie M&ouml;hl freut sich auf deinen Besuch im Apfelparadies.&nbsp;</p>;9.412203402045316;47.5070748;St. Gallerstrasse 209;9320;Arbon;+41 71 447 10 00;momoe@moehl.ch;https://www.momoe.ch;[{'@type': 'ImageObject', 'contentUrl': 'https://tgtpimtsoch.sos-ch-dk-2.exoscale-cdn.com/catalog/e/e/8/6/ee863a22a2f826118cdeda58dda485c8d33779fb_momoe_obstgarten_sommer_original_4k_grading.jpg'}];2026-06-22T14:18:09+02:00
cc9fb078-63ba-43d2-9b60-dfac3c2b3ebb;MUSE.TG Museen im Thurgau;MUSE.TG ist ein Verbund von rund 80 Museen, Sammlungen sowie besonderen Angeboten Kultur zu erleben. Diese Kulturorte gestalten aktiv das gesellschaftliche Leben, bewahren und vermitteln das kulturelle Erbe unserer Heimat.;<p>Von der Jungsteinzeit &uuml;ber das Mittelalter bis zur Industrialisierung und Zeitgeschichte &ndash; museale Erlebniswelten erz&auml;hlen von Mobilit&auml;t mit Eisenbahn, Kutsche, Schiff und Automobil, zeigen die reiche Flora und Fauna der Region und laden ein, das traditionelle Thurgauer Safthandwerk zu entdecken. Ortsmuseen machen Alltagsgeschichte und Wohnkultur lebendig, w&auml;hrend Schl&ouml;sser und Malstuben zu einer Zeitreise einladen. Mechanische Werkst&auml;tten zeigen historisches Handwerk und Erfindungen, Kirchensch&auml;tze und zeitgen&ouml;ssische Kunst verbinden Vergangenheit und Gegenwart. Ein &Uuml;berblick &uuml;ber alle Thurgauer Museen und deren vielf&auml;ltiges Angebot ist auf der Webseite von MUSE.TG verf&uuml;gbar.</p>;8.8971152;47.5569556;8500;Frauenfeld;+41 76 545 33 26;info@musetg.ch;https://www.muse.tg/#museen;[{'@type': 'ImageObject', 'contentUrl': 'https://tgtpimtsoch.sos-ch-dk-2.exoscale-cdn.com/catalog/3/e/9/c/3e9c46f952bb79a46c6043220699dfcdc508470c_2026_Karte_4zu5.jpg'}];2026-08-10T11:42:55+02:00
cf73b21d-50eb-44c8-9127-9462dcb2730c;Thurgauer Schulmuseum Amriswil;Im ehemaligen Schulhaus von Amriswil befindet sich das erste Schulmuseum der Schweiz – ein Ort, der die Geschichte des Schweizer Schulwesens der letzten 100 Jahre auf faszinierende Weise lebendig werden lässt. Die Dauerausstellung zeigt ein originalgetreu erhaltenes Schulzimmer aus den 1920er-Jahren, ergänzt durch abwechslungsreiche Wechselausstellungen.;<p>Das Schulmuseum ist ein Erlebnis für alle Generationen: Im liebevoll eingerichteten Klassenzimmer im ersten Obergeschoss fühlen sich ältere Besuchende in ihre eigene Schulzeit zurückversetzt, während jüngere entdecken, wie das Lernen damals ablief. Die authentische Atmosphäre von 1920 wird durch originale Schulmöbel und Materialien greifbar gemacht. So laden etwa Thurgauer Lesebücher aus den Jahren ab 1910 zum Stöbern ein, und alte Hilfsmittel wie Setzkästen, Schreibfedern, Fibeln, Schiefertafeln und Rechenschieber lassen längst vergangene Unterrichtsmethoden wieder aufleben.</p><p>Das Schulmuseum bietet als ausserschulischer Lernort verschiedene museumspädagogisch betreute und auf den Lehrplan abgestimmte Vermittlungsangebote für Schulklassen vom Kindergarten bis zur Oberstufe und Mittelschule. Spannende Wechselausstellungen greifen Themen wie «Näschi» oder Werken auf, und bei Museumsveranstaltungen gibt es tiefere Einblicke in die Schweizer Schulgeschichte.</p><p>Ein Besuch im Schulmuseum Amriswil ist eine Zeitreise, die Bildungsgeschichte spürbar und erlebbar macht.</p>;9.2737792;47.5443811;Weinfelderstrasse 127;8580;Amriswil;+41 71 410 07 01;info@schulmuseum.ch;http://www.schulmuseum.ch/;[{'@type': 'ImageObject', 'contentUrl': 'https://tgtpimtsoch.sos-ch-dk-2.exoscale-cdn.com/catalog/0/9/6/f/096fabb924b067822930000c7755c0fd01128599_resized_870x450_orig_amriswil_schulmuseum.jpg'}];2026-05-14T22:06:48+02:00
d0d4b080-eac0-4f15-a980-e19469c6394c;Schaudepot St. Katharinental | Volkskundliche Sammlung Historisches Museum Thurgau;Das Schaudepot St. Katharinental, idyllisch am Rheinufer bei Diessenhofen gelegen, ist ein Zentrum für ländliche Alltagskultur im Bodenseeraum: Landwirtschaft, Weinbau, Transport, Handwerk und Gewerbe sowie häusliche Frauenarbeit werden hier lebendig in Szene gesetzt.;Im Kornhaus des ehemaligen Dominikanerinnenklosters wird eine überwältigende Vielfalt von über 10'000 Objekten ausgestellt. Auf eindrückliche Weise werden Besuchende hier Zeuge der Lebens- und Arbeitsweise zu Urgrossmutters Zeit. Auf 2'700 Quadratmetern heisst es Eintauchen in die Welt unserer Vorfahren. Was bewegte Pferdebesitzer dazu, ein Stück graviertes Hirschgeweih an ihr Fuhrwerk zu hängen? Weshalb wurde ein Scherenmotiv in einen Dachziegel gedrückt? Auf geführten Touren erfahren Besuchende faszinierende Geschichten aus einer Zeit ohne Rasenroboter, Induktionsherd und Mobiltelefon. Darüber hinaus bestaunen sie auch das grösste historische Holzfass der Schweiz, ein 45'000 Liter-Gigant von 1759 aus Mostindien.

Das Schaudepot öffnet seine Tore das ganze Jahr – allerdings nur auf Voranmeldung. Zur Auswahl stehen Führungen zu verschiedenen Themen, die ca. 60 Minuten dauern.;8.736922;47.6909985;Franzosenstrasse;8253;Diessenhofen;+41 58 345 73 80;historisches.museum@tg.ch;http://www.historisches-museum.tg.ch/;[{'@type': 'ImageObject', 'contentUrl': 'https://tgtpimtsoch.sos-ch-dk-2.exoscale-cdn.com/catalog/3/e/9/1/3e9133fba4a34873ec5258b461c891a3966cc102_Schaudepot_St._Katharinental.JPG'}];2026-04-26T04:38:21+02:00
da48a8d3-a95a-4387-acc5-5bd9d41d8f8e;Eisenwerk Frauenfeld;Das Eisenwerk, 1986 aus einer alten Schraubenfabrik entstanden, ist heute kulturelles Epizentrum von Frauenfeld. Hier finden zahlreiche Konzerte, Theaterveranstaltungen und Ausstellungen statt.;In einer inspirierenden Atmosphäre, die industrielle Grosszügigkeit und Werkstattcharakter ausstrahlt, finden weit über hundert Veranstaltungen pro Jahr statt. Diese werden zumeist vom Verein Kultur im Eisenwerk durchgeführt; die Räume im Eisenwerk können aber auch für eigene private oder öffentliche Veranstaltungen gemietet werden. Daneben gibt es auch kulturelle Kurse für Kinder, Jugendliche und Erwachsene und eine Gemeinschafts-Werkstatt mit Leihlager. Die Webseite des Eisenwerks vermittelt das ganze bunte Programm.
 
;8.8940078;47.5610445;Industriestrasse 23;8500;Frauenfeld;+41 52 728 89 99;genossenschaft@eisenwerk.ch;https://www.eisenwerk.ch/;[{'@type': 'ImageObject', 'contentUrl': 'https://tgtpimtsoch.sos-ch-dk-2.exoscale-cdn.com/catalog/7/c/9/6/7c9624f9e9bccd4f5e2fa1bf2cb340df488e14ca_DSC09196.jpg'}];2025-05-17T04:59:08+02:00
daa14118-ab97-4e5f-a055-2a9f51df2315;Schloss Gachnang;Das Schloss Gachnang vereint barocke Architektur, prächtige Innenräume und historische Elemente wie den Bergfried aus dem 13. Jahrhundert. Vielseitig nutzbar für Trauungen, Feste, Firmenanlässe und Ausstellungen.;<p>Urspr&uuml;nglich als Wasserburg angelegt, wurde das Schloss Gachnang 1767 durch das Kloster neu erbaut. Der Bergfried aus dem 13. Jahrhundert wurde im 16. und 17. Jahrhundert durch Wohngeb&auml;ude ummantelt. Wesentliche Zu- und Umbauten erfolgten 1741 und nach dem Brand 1929 mit einem neuen Staffelgiebel. 1916 ging das Schloss an die Gebr&uuml;der M&uuml;ller &uuml;ber, die darin eine Mosterei betrieben. Prachtvolle Portalgitter aus dem 18. und 19. Jahrhundert sowie ein Brunnen aus der zweiten H&auml;lfte des 18. Jahrhunderts pr&auml;gen das Anwesen. Innen befinden sich das Escherzimmer mit Gobelinimitationen, ein Bilderzimmer mit &Ouml;lpanneaux sowie weisse und bemalte &Ouml;fen, unter anderem von Rudolf Kuhn in Rieden. Elegante Innenr&auml;ume und ein weitl&auml;ufiger Aussenbereich machen das Schloss f&uuml;r Trauungen, Geburtstagsfeiern, Firmenanl&auml;sse und kulturelle Veranstaltungen wie Ausstellungen nutzbar, wodurch historische Atmosph&auml;re und moderne Nutzung harmonisch verbunden werden.</p>;8.8499151;47.5397507;Islikonerstrasse 9;8547;Gachnang;[{'@type': 'ImageObject', 'contentUrl': 'https://tgtpimtsoch.sos-ch-dk-2.exoscale-cdn.com/catalog/6/6/0/9/66099e220ffac2ba363af6d2350be4d8bedfc618_large__Gachnang_Schloss_Gachnang_2.jpg'}];2026-06-16T10:33:53+02:00
dcb612c3-da0f-47e5-97a8-1c7410bc077d;Alte Badi Altnau;Die Alte Badi Altnau ist eine ruhige, naturnahe Badestelle direkt am Bodensee und lädt zum Baden, Entspannen und Verweilen mit herrlichem Seeblick ein.;<p>Etwas abseits des Hafens gelegen, bietet die Alte Badi Altnau eine entspannte Alternative zu den gr&ouml;sseren Strandb&auml;dern am Bodensee. Die &ouml;ffentliche Badestelle &uuml;berzeugt mit einer gepflegten Liegewiese und direktem Zugang zum See, ideal f&uuml;r eine erfrischende Abk&uuml;hlung an warmen Sommertagen.<br>Familien profitieren von einem Spielplatz sowie einer Feuerstelle, die zum gemeinsamen Grillieren einl&auml;dt. &Ouml;ffentliche Sanit&auml;ranlagen sorgen f&uuml;r zus&auml;tzlichen Komfort.<br>Ein besonderes Highlight ist das Denkmal zur Seegfr&ouml;rne von 1963. Es erinnert an die letzte vollst&auml;ndige Vereisung des Bodensees und macht die Alte Badi auch zu einem geschichtstr&auml;chtigen Ort.<br>Ob f&uuml;r eine kurze Erfrischung, ein gem&uuml;tliches Picknick oder einen entspannten Sommertag am Wasser. Die Alte Badi Altnau verbindet Natur, Erholung und Geschichte auf besondere Weise.</p>;9.2749203;47.6202809;Seeweg;8595;Altnau;[{'@type': 'ImageObject', 'contentUrl': 'https://tgtpimtsoch.sos-ch-dk-2.exoscale-cdn.com/catalog/4/8/2/e/482e40b60ef0db913ebe56bc9fca2f979b230469_PIM_Eintrag_Badi__1_.jpg'}];2026-07-16T14:32:41+02:00
dcc4526c-68f8-4731-b59c-d7f511261513;Stammheimer Hopfentropfen Erlebnishof;Auf dem Hopfen-Hof im beschaulichen Stammheimertal erwarten Gäste feuchtfröhliche Erlebnisse rund um Hopfen und Malz: Ein Hopfenlehrpfad, Führungen durch die Hopfenanlagen, eine Bier Olümp-iade, Hofladen und Besenbeiz oder das Brauen des eigenen Biers. Prost!;Die Bier-Erlebniswelt auf dem Hopfen-Hof ist vielfältig. In der kleinen hofeigenen Brauerei etwa brauen Gäste ihr eigenes Bier und personalisieren es mit spezieller Etikette. Auf dem Lehrpfad erfährt man alles zum Hopfenanbau und degustiert natürlich vom hauseigenen Hopfenbräu. Bei einer Bier Olümp-iade stärken Gruppen den Teamgeist und lassen sich bei einer Degustation mit Hopfen-Spezialitäten oder dem hofeigenen Whisky verwöhnen. Zu letzterem gibt’s eigene Seminar in der neuen Whisky-Lounge. Auch für das leibliche Wohl wird auf dem Hopfen-Hof gesorgt. Eine Besenbeiz begrüsst Besuchende im Garten oder im Innenbereich mit währschaften Speisen. Auch Feste feiern kann man in den urchig gemütlichen Räumlichkeiten des Hofs ganz wunderbar. ;8.7802289;47.6335853;Kollbrunn 422;8476;Unterstammheim;+41 52 745 27 19;reutimann@hopfentropfen.ch;http://www.hopfentropfen.ch;[{'@type': 'ImageObject', 'contentUrl': 'https://tgtpimtsoch.sos-ch-dk-2.exoscale-cdn.com/catalog/9/2/8/b/928b0a98df7238e35e213dfa9a693349b7bb5b73_Unterstammheim_Hopfentropfen_Produkte.JPG'}];2026-08-06T02:31:39+02:00
e1cd961d-63b5-483a-a4d3-2fb8abc58f39;Ruine Helfenberg;Eingebettet im malerischen Seebachtal zählt die Ruine Helfenberg in Hüttwilen zu den markantesten mittelalterlichen Burgen im Thurgau und bietet authentische Einblicke in die regionale Geschichte.;<p>Die Ruine Helfenberg vermittelt Einblicke in die mittelalterliche Geschichte des Thurgau. Erste schriftliche Erw&auml;hnungen stammen aus einer St. Galler Urkunde zu Beginn des 14. Jahrhunderts, ab 1413 wird nur noch von einem Burgstall berichtet, was auf eingeschr&auml;nkte Bewohnbarkeit hinweist. Die Anlage liegt im Seebachtal und ist Teil regionaler Geschichtsrundg&auml;nge, die von den pr&auml;historischen Siedlungen am Nussbaumersee bis zur r&ouml;mischen Villa Stutheien f&uuml;hren. Arch&auml;ologische Untersuchungen des Amts f&uuml;r Arch&auml;ologie Thurgau in den 1980er Jahren f&ouml;rderten Keramikfragmente und eine bronzene ovale Schnalle zutage, einige Funde datieren um 1200 und deuten darauf hin, dass die Burg &uuml;ber 100 Jahre vor ihrer ersten schriftlichen Erw&auml;hnung erbaut wurde. 1981/82 sowie 2010/11 wurde die Ruine renoviert.</p>;8.8344929;47.6110019;Burg Helfenberg;8537;Hüttwilen;https://archaeologie.tg.ch/fundstellen/ausflugsziele/fundstellen-mit-tafeln-im-gelaende/huettwilen-ruine-helfenberg.html/5918;[{'@type': 'ImageObject', 'contentUrl': 'https://tgtpimtsoch.sos-ch-dk-2.exoscale-cdn.com/catalog/f/5/3/7/f5372ebf50e266d37d48a67f894fdd8553bd101e_large__H__ttwilen_Ruine_Helfenberg.jpg'}];2026-06-16T10:52:22+02:00
e5f520d6-2ec9-44bb-bda6-4ec92c546401;Festhalle Rüegerholz;Die Festhalle Rüegerholz in Frauenfeld ist multifunktionale Event-Location sowie Dreifach-Turnhalle mit Infrastruktur für jeden Anlass.;Die Festhalle Rüegerholz in Frauenfeld ist die ideale Location für grosse Anlässe. Sie bietet den rustikalen Rahmen, Infrastruktur und Platz für Konzerte, Partys, Firmenanlässe, Tagungen, Hochzeiten, Bankette, Ausstellungen, Sportanlässe oder Ähnliches. Bis zu 1'000 Personen finden Platz bei einer Bankettbestuhlung und bis 3'500 Stehplätze sind vorhanden. Grosse Bühne mit Einrichtung für Bands, Rangverkündigungen oder Darbietungen, ein Office für den professionellen Betrieb einer Festwirtschaft und genügend Parkplätze in nächster Umgebung stehen zur Verfügung. Weitere Informationen sowie den aktuellen Belegungsplan finden Gäste auf der Website der Stadt Frauenfeld.;8.90019304392472;47.54942045;Festhüttenstrasse 21;8500;Frauenfeld;052 721 23 10;afs@stadtfrauenfeld.ch;https://www.frauenfeld.ch/festhalle;[{'@type': 'ImageObject', 'contentUrl': 'https://tgtpimtsoch.sos-ch-dk-2.exoscale-cdn.com/catalog/9/3/e/d/93edecf1967633d789cf58c04b5139c6247310cf_StadtFrauenfeld_Festhalle_NR_075_1_RGB_WEB.jpg'}];2026-01-09T13:15:00+01:00
e9b1ecf3-8476-4775-b580-d7e72cf4b959;Planetarium - Sternwarte;Das Bodensee Planetarium ist das einzige seiner Art am Bodensee und beeindruckt Besucherinnen und Besucher durch seine modernste Technik und beeindruckende Multimedia- und Live-Shows. Die wechselnden Vorführungen bieten immer wieder neue, faszinierende Eindrücke.;Das Planetarium holt für die Besucherinnen und Besucher Sonne, Mond und Sterne vom Himmel - auch bei Regenwetter. Unterschiedliche Programme werden für Erwachsene, Familien und Kinder angeboten. Jeden Mittwochabend steht die Sternwarte der Öffentlichkeit zur Verfügung. Nachts können der Mond, Sternhaufen, Gasnebel und Galaxien beobachtet werden. Von der Dachterrasse aus erklärt fachkundiges Personal die Sternbilder und Planeten, die gerade am Nachthimmel sichtbar sind.;9.160468;47.6413215;Breitenrainstrasse 21;8280;Kreuzlingen;+41 71 677 38 00;hallo@bodensee-planetarium.ch;https://bodensee-planetarium.ch/?utm_source=thurgau-bodensee&utm_medium=referral&utm_campaign=lead&utm_content=portrait;[{'@type': 'ImageObject', 'contentUrl': 'https://tgtpimtsoch.sos-ch-dk-2.exoscale-cdn.com/catalog/f/2/9/d/f29dc50ca277912f1d28d75edfbf55b3b13ac0ad_Teleskop_Beobachtung_in_der_Sternwarte_low.jpg'}];2026-05-14T22:06:40+02:00
fa86b384-ad55-48ca-902f-a1dd14bc9363;Historisches Museum Bischofszell;Wo einst wohlhabende Tuchhändler residierten, zeigt heute das Historische Museum Bischofszell in über 20 Räumen, wie Bischofszeller und Bischofszellerinnen die letzten 500 Jahre wohnten und lebten. In der Schniderbudig wird gefeiert.;<p>Das Historische Museum Bischofszell empf&auml;ngt G&auml;ste in zwei stattlichen Patrizierh&auml;usern aus dem 18. Jahrhundert. Einst waren sie Wohnraum von Leinwandh&auml;ndlern. Heute zeigt das Museum, wie in Bischofszell von der Sp&auml;tgotik bis ins 20. Jahrhundert gelebt wurde. Neben Wohnkultur und Stadtgeschichte finden sich hier eine Keramik- und Kartensammlung, ein Drogeriezimmer und eine Apotheke wie anno dazumal. Die Spielzeugsammlung des 19. und 20. Jahrhunderts erfreut auch j&uuml;ngere Besuchende. Eine St&auml;rkung mit Getr&auml;nken und Geb&auml;ck gibt&rsquo;s in der Kaffeestube &ndash; einem b&uuml;rgerlichen Speisezimmer der 1920er.</p><p>Im historischen Gew&ouml;lbekeller des Museums sowie im angrenzenden Innenhof mit Barockgarten und dem darin liegenden H&auml;uschen &laquo;Schniderbudig&raquo; darf heute gefeiert und getagt werden. Vor mehr als 400 Jahren war die Schniderbudig Tuchhaus f&uuml;r den Leinwandhandel. Heute sorgt Gerry Scheiwiller als Gastgeber in der &laquo;Schniderbudig&raquo; bei Anl&auml;ssen mit bis zu 70 Personen f&uuml;r kulinarische Highlights.</p><p>Die Schniderbudig geh&ouml;rt zu den wenigen auserw&auml;hlten Orten im Kanton Thurgau, die standesamtliche Trauungen in einer historischen Kulisse erm&ouml;glichen.&nbsp;</p>;9.2402887;47.4936424;Marktgasse 4/6;9220;Bischofszell;+41 78 673 14 88;chl@museum-bischofszell.ch;https://www.museum-bischofszell.ch/;[{'@type': 'ImageObject', 'contentUrl': 'https://tgtpimtsoch.sos-ch-dk-2.exoscale-cdn.com/catalog/1/f/8/8/1f88597958e7f310f12f3164c9caedc8f4e24ca8_Bischofszell_H__user_Marktgasse_4___6_2.jpg'}];2026-06-09T13:36:25+02:00
