id;name;disambiguatingDescription;description;longitude;latitude;streetAddress;postalCode;addressLocality;telephone;email;url;image;dateModified0dc33067-5c29-4c1b-a50c-366f426e2fc1;Bike Guide Miche;Ob auf der geführten Mostindien-Velotour, beim Fahrtechnik-Training, Reparaturkurs oder Velo-Teamevent – mit dem ausgebildeten Bike Guide Miche lernt man die schönsten Seiten des Thurgaus aus dem Velosattel kennen. ;<p>Miche, der sympathische gebürtige Bayer ist ausgebildeter Bike-Guide und führt Velobegeisterte durch seine Wahlheimat, den Thurgau. Von Fahrtechnik-Training, Gruppenführungen über Familienrouten, Führen von Schulklassen bis zu Teamevents oder Workshops für Bike-Service, Reinigung oder Reparaturen unterwegs, hat Miche alles in seinem Repertoire. Bei sämtlichen Angeboten kann ein Catering dazu gebucht werden. Die eintägige Mostindien-Velotour ist Miches Prunkstück und kombiniert alles, wofür der Thurgau bekannt ist: Regionale Spezialitäten schlemmen im Wasserschloss Hagenwil, Einblicke ins Safthandwerk der Mosterei Möhl gewinnen und herrliche Aussichten auf dem Seerücken geniessen ist hier angesagt. Gemütlichkeit hat bei dieser Tour den Vorrang.</p>;9.263039;47.5613516;Im Gärtli 6;8587;Oberaach;+41 765790868;info@bikeguidemiche.ch;http://www.bikeguidemiche.ch;[{'@type': 'ImageObject', 'contentUrl': 'https://tgtpimtsoch.sos-ch-dk-2.exoscale-cdn.com/catalog/7/9/6/b/796bbb670f57669a111e5525b8aa51f0de0de9ce_IMG_4563__2.jpeg'}];2026-05-04T12:02:35+02:00
10d2a394-db4e-4160-aea6-79348f665450;Chäs Paradies – Waldfondue – Erlebnis Käserei;Zusammen mit dem Käsermeister Werner Knöpfli fabrizieren Gäste in der Erlebnis-Käserei einen würzigen Halbhart-Käse, beinahe wie zu Alpöhis-Zeiten. Bei einem gemütlichen Waldfondue kann der selbstgemachte Käse verköstigt werden.;Seit 1999 ist es die Leidenschaft des Chäs Paradieses den Menschen den Genuss von Käse näher zu bringen. Sei das bei dem originalen Waldfondue, der Erlebnis Käserei oder einem auf Wunsch massgeschneiderten Käse-Event. 

Das Waldfondue ist zu jeder Jahreszeit ein Hit. Die traditionelle Schweizer Speise wird über dem offenen Feuer an einer Location nach Wahl zubereitet. Gerne werden auch Apéroplättli, Glühmost oder andere Getränke angeboten. Der Anlass ist ideal für Familienfeste, Schulausflüge, Vereinstreffen und Firmenfeiern.

Zusammen mit dem Käsermeister stellen die Gäste in der mobilen Erlebnis Käserei ihren eigenen Käse her. Ob ans Seeufer, in den Wald oder in mitten der Reben, das Chäs Paradies kommt an den jeweiligen Lieblingsplatz. Ideal für Schulklassen, Team Building, Firmen- und Vereinsanlässe.

Neben den betreuten Events werden auch Bistrofondue-Tische, Caquelonfondue-Sets und Racletteöfen für grössere Anlässe vermietet.;8.8889779;47.5887253;Dorfstrasse 17;8532;Weiningen TG;+41 52 747 21 85;info@chaes-paradies.ch;http://www.chaes-paradies.ch/;[{'@type': 'ImageObject', 'contentUrl': 'https://tgtpimtsoch.sos-ch-dk-2.exoscale-cdn.com/catalog/6/1/3/3/61334b2db869f8b88fe02e283b36fa3ec414adb3__MG_8218.jpg'}];2026-04-28T19:33:02+02:00
10dabd83-4534-4e12-9134-6f014d2b68ed;Ranger Senn;Individuell gestaltete Exkursionen mit Ranger Therry Senn führen mitten ins Herz der Thurgauer Natur. In kleinen Gruppen lässt sich die Vielfalt von Flora und Fauna entdecken – begleitet von spannenden Einblicken und sinnlichen Naturerlebnissen.;<p>Die geführten Touren bieten eine ideale Möglichkeit, die Natur in Gruppen bis maximal 20 Personen zu erleben – sei es bei einem Teamausflug, einer Familienaktivität oder einem Angebot für naturinteressierte Gruppen. Unter fachkundiger Leitung vermittelt Therry Senn auf lebendige Weise faszinierendes Wissen über die heimische Tier- und Pflanzenwelt. Jede Exkursion wird individuell geplant und auf die Bedürfnisse der Gruppe abgestimmt. So entstehen persönliche, unvergessliche Momente draussen in der Thurgauer Landschaft – nah an der Natur und mit allen Sinnen erfahrbar.</p>;8.8557205;47.537706;Mülistrasse 16a;8547;Gachnang;0792215187;therry@ranger-senn.ch;https://ranger-senn.ch/;[{'@type': 'ImageObject', 'contentUrl': 'https://tgtpimtsoch.sos-ch-dk-2.exoscale-cdn.com/catalog/1/9/c/5/19c58ff22bd076620a3083816218dc0f2f087e13_Ranger_Senn_1.jpg'}];2026-05-04T12:02:34+02:00
12730619-68ac-4f18-b58b-6d2fd374eea5;Stadtführungen Diessenhofen;Fachkundige Persönlichkeiten vermitteln fundiert und unterhaltsam die Geschichte des Städtchens Diessenhofen. Thematische Rundgänge führen durch malerische Ecken und verborgene Winkel der mittelalterlichen Altstadt. Die Führungen sind als private Gruppenangebote oder an öffentlichen Terminen erlebbar.;<p>Die Stadtf&uuml;hrungen Diessenhofen umfassen eine Auswahl thematisch unterschiedlicher Rundg&auml;nge zur Geschichte, Architektur und gesellschaftlichen Entwicklung der Stadt. Die historische Altstadt von Diessenhofen bildet den r&auml;umlichen Rahmen der F&uuml;hrungen. Zentrale Orte, pr&auml;gende Bauwerke und ausgew&auml;hlte historische Zusammenh&auml;nge werden sachlich und &uuml;bersichtlich vermittelt. Die F&uuml;hrungen sind sowohl f&uuml;r private Gruppen buchbar als auch an &ouml;ffentlichen Terminen zug&auml;nglich. Die Lage am Rhein hat die Entwicklung des St&auml;dtchens wesentlich gepr&auml;gt und ist Bestandteil der inhaltlichen Schwerpunkte.</p>;8.7492673;47.6875317;[{'@type': 'ImageObject', 'contentUrl': 'https://tgtpimtsoch.sos-ch-dk-2.exoscale-cdn.com/catalog/e/e/5/7/ee574952c4c2f26823ada4382886e2b34bb5cbd4_20250404_072845.jpg'}];2026-05-05T12:00:20+02:00
5100bc2f-31c1-4bfc-a2f0-63e7b125443b;Golfsession;Urban Golf – die neue Art Golf zu spielen. Ob Betriebsausflug, Motivationstraining, Poltertag, Firmenanlass, Projektwoche in der Schule, Urbangolf-Lektionen oder einfach nur für «The Love Of UrbanGolf».;Diese neue Art des Golfens kann von allen ohne Vorkenntnisse gespielt werden. Wie der Name schon sagt, wird in urbaner Umgebung wie z.B. auf Grünflächen, industriellen Brachflächen, in Kiesgruben, in der Stadt etc. gespielt. Und anstatt auf ein konventionelles Loch zielt man mit den weichen Bällen auf ein Einkaufswägeli, Strassenschild oder auf was auch immer die Umgebung zu bieten hat (sofern ungefährlich). Nach einer kurzen Einführung in die Regeln des Urban Golf werden erste Probeschläge geübt an selbst gewählten oder vom Urban-Golf-Team organisierten Locations (z.B. Kiesgrube, Park, o.ä.). Jeder Teilnehmende erhält dazu einen Schläger und ein City Golf-Startset. In verschiedenen Gruppen wird dann der Parcours, der üblicherweise aus 9 «Löchern» besteht, bespielt. Auf Wunsch mit Apéro während der Einführung oder nach der Rangverkündigung.;8.89412080220134;47.5537793;Zürcherstrasse 122;8500;Frauenfeld;+41 79 503 65 85;info@golfsession.ch;http://www.golfsession.ch/;[{'@type': 'ImageObject', 'contentUrl': 'https://tgtpimtsoch.sos-ch-dk-2.exoscale-cdn.com/catalog/0/0/e/b/00ebf741a44b0cda4e463347bd8e3b798478ee49_Golfsession_urbangolf.jpg'}];2026-05-04T12:02:32+02:00
674fe10f-513f-45e8-b809-2cce7b36c4d4;Bikeness - Mountainbiketouren und Technikkurse;Bikeness aus Tägerwilen bietet für Mountainbiker individuelle Tages-, Halbtages- oder Abendtouren oder auch Fahrtechnikkurse an. Auf den Touren lernen die Sportler die Region rund um Tägerwilen kennen. Willkommen sind Bio-Biker so wie E-Biker.;Bikeness aus Tägerwilen bietet individuelle Tages-, Halbtages- oder Abendtouren an. Die Region wird auf dem Bike erkundet und dem Gast näher gebracht. Unterwegs sind keine langen Auf- und Abstiege zu meistern. Teilweise führt die Strecke vorbei an Sehenswürdigkeiten wie Burgen und Schlösser. Bei einem Mittaghalt können sich die Gäste von der regionale Küche verwöhnen lassen. Die Region des Untersees mit seinen Wäldern begeistert immer wieder von Neuem. 

Es können Fahrtechnikkurse gebucht werden, welche auf das Können des Gastes zugeschnitten werden. Willkommen sind Erwachsene und Kinder.;9.1452102;47.6516816;Tulpenweg 3;8274;Tägerwilen;+41 78 763 04 64;bikeness@sunrise.ch;https://www.bikeness.ch;[{'@type': 'ImageObject', 'contentUrl': 'https://tgtpimtsoch.sos-ch-dk-2.exoscale-cdn.com/catalog/2/e/4/9/2e49693d610b3a1d57d7789774ad0822abca2045_IMG_20220814_151007_resized_20230516_053644731__2.jpg'}];2026-04-28T19:32:56+02:00
6a4e8d2a-3115-4c0d-bf59-5eaa88c3d379;Kunst & Wein am Iselisberg;Der  Weg von Kunst & Wein am Iselisberg führt entlang an 23 Skulpturen lokaler Kunstschaffender und durch das bekannte Weinbaugebiet Iselisberg. Tafeln erzählen Geschichten über Reb- und Weinbau in der Region. Bei Winzern oder Restaurants gibt es die edlen Tropfen zum Probieren.;Auf dem Erlebnispfad Kunst & Wein am Iselisberg entdecken Gäste Skulpturen bekannter Künstler in Kombination mit Wein und Hintergrundinformationen über dessen Anbau. Von Anfang Mai bis Ende Oktober säumen 23 Skulpturen den Wanderweg hinauf auf den Iselisberg, ein bekanntes Weinbaugebiet der Region Frauenfeld. Der ausgeschilderte, rund zweistündige Rundweg führt von Uesslingen über Dietingen nach Iselisberg und verwöhnt Wandernde mit ruhiger Natur und malerischen Blicken auf das Thurtal bis in die Alpen. Über den exzellenten Wein, der hier angebaut wird, erzählen Tafeln entlang des Weges. Und natürlich gilt: Probieren geht über Studieren. Die edlen Tropfen werden am besten grad persönlich bei einem Winzer oder in einem Restaurant entlang des Weges degustiert.

Als Wegbegleiter können die Wanderer und Geniesserinnen neu einen passenden Degustationsrucksack kaufen. Dieser ist bestückt mit Wein, Wasser, Gläser, Flyer zur Route und knusprigen Grissini.;8.831623792648317;47.58030389971708;Uesslingen;8524;Uesslingen;+41793906621;info@kunstundwein-iselisberg.ch;https://www.kunstundwein-iselisberg.ch/;[{'@type': 'ImageObject', 'contentUrl': 'https://tgtpimtsoch.sos-ch-dk-2.exoscale-cdn.com/catalog/8/0/9/1/80910b1c465a51f054f1c1c27f96b7e7aef2f883_Iselisberg_Kunst_und_Wein_Wolkenstimmung.jpg'}];2026-05-04T12:02:31+02:00
9e97ddb5-b8f2-44b7-9e9c-f1b417494c18;Genial Delikat;Genial Delikat in Romanshorn verbindet kreatives Eventdesign mit regionalem Catering, selbergemachten Delikatessen und eigenem Gin. Genuss, Atmosphäre und Gestaltung verschmelzen zu stilvollen Erlebnissen mit nachhaltigem Anspruch.;<p>Ob Firmenanlass, privates Fest oder Teamevent – Genial Delikat entwickelt massgeschneiderte Veranstaltungskonzepte mit viel Liebe zum Detail. Im Mittelpunkt stehen dabei individuelle Inszenierungen, die Professionalität, Design und Gastfreundschaft vereinen. Das kulinarische Herzstück bildet das regionale und saisonale Catering, das mit bewusst ausgewählten Zutaten begeistert. Ergänzt wird das Angebot durch selbergemachte Delikatessen und den hauseigenen Gin – ein aromatisches Highlight mit persönlicher Note. Der Standort in Romanshorn – urban, naturnah und direkt am Bodensee gelegen – unterstreicht den besonderen Charakter der Agentur. Genial Delikat steht für durchdachte Erlebnisse, die Genuss, Ästhetik und Nachhaltigkeit harmonisch verbinden – mit Wurzeln im Thurgau und Ausstrahlung weit über die Region hinaus.</p>;9.3697625;47.557274;Arbonerstrasse 62;8590;Romanshorn;+41 79 697 86 18;info@genialdelikat.ch;https://genialdelikat.ch/;[{'@type': 'ImageObject', 'contentUrl': 'https://tgtpimtsoch.sos-ch-dk-2.exoscale-cdn.com/catalog/4/d/a/7/4da7584f4b5d322fc2b1b96a0e4900cade69e8e5_Genial_Delikat_Eventagentur_Gallery_852.jpg'}];2026-04-28T19:32:51+02:00
a164dd59-7562-4c94-9aaa-d330ca942721;Eurotrek: Rundfahrt Ostschweiz;Die Eurotrek führt in vier Tagen durch den Thurgau. Hotelübernachtungen, Gepäcktransfer und weitere Zusatzleistungen gehören zu diesem Package von Eurotrek.;Diese Rundtour ab Schaffhausen führt Velofahrende innerhalb von vier Tagen an die schönsten Flecken der Ostschweiz. Hier ein Apfelkuchen, dort ein Sauerbraten, zum Glück ist der Thurgau hügelig, so können Gäste die kulinarischen Höhenflüge mit gutem Gewissen geniessen. Doch die Liebe geht nicht nur durch den Magen. Die Ausblicke auf den silbrig-blauen Bodensee verzaubern bei der Fahrt über den Seerücken nach Kreuzlingen und weiter nach Arbon. Schmucke Riegelhäuser und die beschwingte Rosenstadt Bischofszell sind architektonische Ausrufezeichen auf der weiteren Route. Die letzte Etappe führt über Weinfelden und durch die Rebberge zurück nach Schaffhausen.  

Das Package von Eurotrek beinhaltet unter anderem 3 Übernachtungen mit Frühstück, tägliche Gepäcktransfers, Reiseunterlagen und Eintritte. Leihräder können dazu gemietet werden.;8.396726150000006;47.4190944;Lerzenstrasse 21;8953;Dietikon;+41 44 316 10 00;eurotrek@eurotrek.ch;https://www.eurotrek.ch;[{'@type': 'ImageObject', 'contentUrl': 'https://tgtpimtsoch.sos-ch-dk-2.exoscale-cdn.com/catalog/e/5/d/0/e5d034d875cfd23cd90611ca5ec291ae0d24e55d_Maerstetten_Ostschweizer_Weinroute_Rebberge_ST_Herbstkampagne_21.jpg'}];2026-05-04T12:02:27+02:00
a8b3db11-350d-4eed-ba15-bcda4bb33b75;Kornhaus Romanshorn;Das Kornhaus Romanshorn im Hafen von Romanshorn vereint Ausstellungen, Gastronomie und Übernachtungsmöglichkeiten unter einem Dach. Das historische Gebäude am Bodensee bietet grosszügige Ausstellungsflächen, Ferienwohnungen, möblierte Appartements sowie das Ristorante Porto mit Seeterrasse direkt am Wasser.;<p>Das Kornhaus Romanshorn ist ein markantes Wahrzeichen im Hafen von Romanshorn und verbindet historische Architektur mit vielf&auml;ltigen Erlebnissen am Bodensee. Das ehemalige Lagerhaus wurde sorgf&auml;ltig restauriert und beherbergt heute Ausstellungsfl&auml;chen, &Uuml;bernachtungsm&ouml;glichkeiten sowie italienische Gastronomie. <br>Ein besonderer Anziehungspunkt sind die grossz&uuml;gigen Ausstellungsfl&auml;chen. Das Kornhaus ist bekannt f&uuml;r abwechslungsreiche Themenwelten und Ausstellungen aus verschiedenen Bereichen, darunter Modellwelten und digitale Kunst (z. B. PLAYMOBIL-, LEGO- oder Digital-Arts-Ausstellungen). Die R&auml;umlichkeiten eignen sich zudem f&uuml;r private und gesch&auml;ftliche Veranstaltungen. <br>F&uuml;r Aufenthalte am Bodensee stehen Ferienwohnungen sowie m&ouml;blierte Appartements f&uuml;r l&auml;ngere Aufenthalte zur Verf&uuml;gung. Erg&auml;nzt wird das Angebot durch das Ristorante Porto mit Seeterrasse direkt am Hafen. Die Kombination aus Kultur, Genuss und Unterkunft macht das Kornhaus Romanshorn zu einem vielseitigen Ausflugs- und Aufenthaltsort in der Region Thurgau.</p>;9.3817187;47.5644612;Friedrichshafnerstrasse 54;8590;Romanshorn;+41 71 277 01 77;peter.schnueckel@kornhaus-romanshorn.ch;https://www.kornhaus-romanshorn.ch;[{'@type': 'ImageObject', 'contentUrl': 'https://tgtpimtsoch.sos-ch-dk-2.exoscale-cdn.com/catalog/c/3/2/6/c326f09965188a83536026078c376b509c456bcf_1_Kornhaus_Romanshorn_210923_159.jpg'}];2026-06-23T08:23:45+02:00
c86ad7aa-4553-4a85-9f6a-674894ae6852;blaswerk Musik Haag;Das blaswerk in Weinfelden ist eine Meisterwerkstatt für den Blechblasinstrumentenbau und Holzblasinstrumentenreparaturen. Traditionelles Handwerk kombiniert mit zeitgemässen Fertigungstechniken und modernen Werkzeugen kann bestaunt werden.;In der «gläsernen» Werkstatt wird hautnah erlebt wie Blechblasinstrumente oder Klarinetten entstehen. Auch Nichtmusiker können in die Welt einer jahrhundertalten Handwerkertradition eintauchen und staunen wie Instrumente entstehen. Wer Lust hat, kann auch selbst Hand anlegen und sich im Instrumentenbau versuchen. In der Werkstatt kann dem Instrumentenbauer über die Schultern geschaut und dabei einige Geheimisse des Instrumentenbaus kennengelernt werden. Das ganze wird multimedial unterstützt. Auch Workshops für Musiker zum Thema Instrumentenpflege oder Mundstückworkshops werden in den Räumen durchgeführt.;9.0988037;47.5696512;Gaswerkstrasse 18;8570;Weinfelden;+41 71 672 27 15;info@blaswerkhaag.ch;https://www.blaswerkhaagshop.ch/;[{'@type': 'ImageObject', 'contentUrl': 'https://tgtpimtsoch.sos-ch-dk-2.exoscale-cdn.com/catalog/4/f/1/5/4f15ba1dfc18b9c0b321417538a0ec159edddcf7_BlaswerkHaag35.jpg'}];2026-04-28T19:32:45+02:00
e3371ac4-e48b-4406-bd4c-f0be3687aeed;Around The Bodensee CleanUp;Seit 2016 gibt es das Around The Bodensee CleanUp. Gross und Klein säubern gemeinsam die Ufer des Bodensees von rumliegendem Müll. Die CleanUps sind geleitet. Jeder der möchte, darf mit dabei sein.;Das Grosse Around the Bodensee CleanUp findet in der See- und Nichtsee-Region vom Kanton Thurgau und rund um den Bodensee für zwei Monate statt. Das Projekt ist jeweils im Herbst, da dann keine Brutzeit ist.
 
Termine und Orte können auf Wunsch und Anmeldung individuell gewählt werden.
 
Vor Ort werden geboten: Einführung, Abschluss, Ausrüstung, jahrelange Erfahrung im In- und Ausland, Jahresfilm und Fotografie (natürlich nur bei Einwilligung), Znüni/Jausen, Teilnehmerprojekt usw.

Es ist schön, gemeinsam Gutes für die Umwelt zu tun und neue Erinnerungen zu schaffen.;9.0179057;47.6742604;Verein ocean-R-evolution;8267;Berlingen;+41 78 601 16 31;info@aroundthebodenseecleanup.org;https://aroundthebodenseecleanup.org;[{'@type': 'ImageObject', 'contentUrl': 'https://tgtpimtsoch.sos-ch-dk-2.exoscale-cdn.com/catalog/5/7/3/4/5734051c5372fdee77fb98640e3c3a206635ed53_DSC06052.JPG'}];2026-05-04T12:02:21+02:00
e817272c-f627-49fe-ba88-5e780cc92584;Führung Stadtdetektive Arbon;Familien entdecken auf einer eineinhalbstündigen Reise mit einer Führerin die Geschichte der Arboner Altstadt. Gross und Klein begeben sich auf eine Zeitreise und tauchen ein in spannende Rätsel und Erzählungen aus der Vergangenheit.;Gross und Klein begeben auf eine spannende Zeitreise durch Arbon. Die jungen Spürnasen stöbern während eineinhalb Stunden unheimliche Orte und versteckte Ecken auf und erforschen so auf spielerische Art und Weise die Altstadt. Welche Schuhgrösse hatte Gallus? Wie lebten die Römischen Kinder? Wie besuchten Asterix und Obelix die Stadt Arbon? Diesen und vielen anderen Rätseln und Geheimnissen sind die Stadtdetektive auf der Spur. Die Führung kostet pauschal CHF 150.00 bis 25 Personen und ist für Kinder im Alter von 6 bis 9 Jahren gedacht. Die Kinder müssen in Begleitung von mindestens einer erwachsenen Person sein.;9.43548182884779;47.51648985;Schmiedgasse 5;9320;Arbon;+41 71 531 01 31;info@thurgau-bodensee.ch;https://thurgau-bodensee.ch/;[{'@type': 'ImageObject', 'contentUrl': 'https://tgtpimtsoch.sos-ch-dk-2.exoscale-cdn.com/catalog/0/0/4/f/004ffe452cb7c9eef0b0a610e966cc9b24e72855_F__hrung_Stadtdetektive_1.jpeg'}];2026-05-04T12:02:20+02:00
fbb4832c-79fe-487d-8049-388445011308;Street Art Führung;Während der eineinhalbstündigen Tour entdecken und bestaunen die Teilnehmenden unter fachkundiger Leitung die Highlights der Freiluft-Ausstellung in Frauenfeld. Dabei erhalten sie spannende Einblicke in die Werke sowie interessante Hintergrundinformationen zu den Künstlerinnen und Künstlern der Street-Art-Szene.;<p>Im Sommer 2023 verwandelte sich ganz Frauenfeld in eine riesige Open-Air-Galerie f&uuml;r Besucher jeden Alters &ndash; und auch letzten Sommer lud die thurgauische Kantonshauptstadt erneut zum Staunen ein! Renommierte nationale K&uuml;nstler wie Bane, One Truth und LPVDA sowie zahlreiche weitere Schweizer Kunstschaffende haben die Stadt mit beeindruckenden Wandgem&auml;lden, Fresken und Installationen bereichert.</p><p>Wer mit einer Gruppe tiefer in die Welt der Frauenfelder Street Art eintauchen m&ouml;chte, kann eine spannende, rund 90-min&uuml;tige F&uuml;hrung buchen. Dabei werden die H&ouml;hepunkte der aktuellen und vergangenen Freiluft-Ausstellung gezeigt und erl&auml;utert.</p><p>Die Street Art Tour kostet pauschal CHF 220.&ndash; f&uuml;r Gruppen bis zu 25 Personen.</p><p>Optional kann ein alkoholfreier Abschlussdrink dazugebucht werden &ndash; dieser ist f&uuml;r CHF 5.&ndash; pro Person erh&auml;ltlich.</p><p>Lieber gleich selbst Hand anlegen? Workshops sinde ebenfalls buchbar, mehr Infos gibt's hier: <a href="https://thurgau-bodensee.ch/maps/street-art-workshop-inkl-fuhrung-b5e22c40-b194-4057-b4d5-e47fbcf1fd0f.html">Street Art Workshop inkl. F&uuml;hrung</a>.</p><p>Weitere Infos zur Street Art in Frauenfeld: <a href="https://www.isaff.ch/festival2025/fuhrungen-workshops-vortrage-2025" target="_blank" rel="noopener noreferrer">isaff.ch</a></p>;8.8965359;47.5580736;Bahnhofplatz 75;8500;Frauenfeld;+41 71 531 01 31;info@thurgau-bodensee.ch;https://www.isaff.ch/street-art-tour-fuhrungen;[{'@type': 'ImageObject', 'contentUrl': 'https://tgtpimtsoch.sos-ch-dk-2.exoscale-cdn.com/catalog/7/f/6/0/7f609e68c589038dc438008e97be190d0bb7aaca_Foto_F__hrung.jpg'}];2026-04-28T19:32:41+02:00
ff0ba13d-d6db-430a-b4f2-60642f034c82;Bernina Creative Center;Im Creative Center, am Hauptsitz von Bernina in Steckborn, können sich Besuchende in entspannter und moderner Atmosphäre über die Produkte der traditionsreichen Schweizer Nähmaschinenmarke informieren oder bei einem Workshop kreativ werden.;Wie der Name schon sagt, dreht sich im Bernina Creative Center alles um den kreativen Umgang mit Textilien. Nebst Informationen zu den Bernina Nähmaschinenprodukten für Kaufinteressierte werden hier inspirierende Kurse angeboten. Die Workshops umfassen Themen wie Nähen, Sticken, Textilkunst und Quilten. Hilfreiche Tipps und Tricks werden von erfahrenen und anerkannten Kursleitenden verraten. Teilnehmende haben das Privileg, mit den neusten Näh-, Overlock- und Quiltmaschinen aus dem Steckborner Bernina-Werk zu arbeiten. Das aktuelle Programm ist ersichtlich auf der Bernina-Homepage: https://kurse.bernina.com;8.97589;47.66226;Seestrasse 161;8266;Steckborn;+41 (0)52 762 14 21;tanja.duenner@bernina.com;http://kurse.bernina.com/;[{'@type': 'ImageObject', 'contentUrl': 'https://tgtpimtsoch.sos-ch-dk-2.exoscale-cdn.com/catalog/3/d/0/0/3d00c3243c354785d30ee552ea511a7cbcc951fa_bernina_creative_center_1.jpg'}];2026-05-04T12:02:19+02:00
