id;name;disambiguatingDescription;description;longitude;latitude;streetAddress;postalCode;addressLocality;telephone;email;url;image;dateModified05b07de1-47b6-473f-9f8e-2195e96d8822;Gottlieber Seecafé & Manufakturladen;Direkt am malerischen Seerhein in Gottlieben lädt das Gottlieber Seecafé mit wunderschöner Außenterrasse zum gemütlichen Kaffeetrinken und Shoppen im Manufakturladen ein. Hier können bequem sämtliche Gottlieber Hüppen und Spezialitäten eingekauft werden.;Für viele Schokoladen- und Spezialitätenliebhaber gelten Gottlieber Hüppen und Gottlieber Produkte als feinste Leckerbissen. Sie gehören zum kulinarischen Erbe der Schweiz. Die bekannte Gottlieber Konditorkunst wird im inhabergeführten Manufakturbetrieb gepflegt und stetig verfeinert. Die hauchzarten warmen Crêpes, nicht dicker als 0,7 mm, werden immer noch wie früher einzeln gebacken und einzeln wie das Blatt einer wertvollen Havanna-Zigarre gerollt. Das geschieht ganz vorsichtig und genau, wie von Hand.

Im Gottlieber Seecafé mit Manufakturladen können sämtliche Gottlieber Spezialitäten wie Hüppen, Cacaomandeln und Schokolade eingekauft werden. Gemütliche Momente erleben die Besucher in schönem Ambiente auf der wunderschönen Seeterrasse bei einem kühlen Bier, Champagner oder einem guten Glas Wein. Aber auch an nebligen Herbst- und Wintertagen können Gäste die Seele baumeln lassen und das fliessende Wasser des Seerheins bei einer heissen und duftenden Tasse Kaffee beobachten.;9.1323091;47.6650975;Espenstrasse 9;8274;Gottlieben;+41 71 667 01 77;gottlieben@gottlieber.ch;https://www.gottlieber.ch/de/shops-cafes/seecafe-gottlieben;[{'@type': 'ImageObject', 'contentUrl': 'https://tgtpimtsoch.sos-ch-dk-2.exoscale-cdn.com/catalog/e/6/1/3/e613ceac5571fddba07dc75be1abeb4883d56564_Titelbild_Seecafe.jpg'}];2026-05-16T00:06:49+02:00
06354418-3b46-41cc-9496-7fc6e674864d;Weingut Türmliwy;Idyllisch inmitten von Weinreben und Obstbäumen liegt zwischen Weinfelden und Romanshorn das Weingut Türmliwy. Hier werden mit viel Herzblut Trauben in Spitzenqualität angebaut. Preisgekrönte Türmliweine sind das Ergebnis. ;Bereits in der vierten Generation bewirtschaftet Familie Löpfe den idyllisch gelegenen Hof Thalacker in Buchackern. Rund um das Anwesen wachsen über drei Hektaren Reben, die mit viel Liebe, Sachverstand und in Verbundenheit mit der Natur gepflegt werden. Die umsichtige Anbauweise spiegelt sich auch in der Qualität der Türmlyprodukte wieder: Die preisgekrönten Weine überzeugen mit ehrlichem Stil, klarem Geschmack und einer geraden Linie. An Degustationstagen, kleinen Festen bis zu 20 Personen oder Degustationen mit Rebbergführungen entdecken Gäste das Weingut und kommen in den Genuss der edlen Tropfen, die es hervorbringt. Eine Freude für Herz und Gaumen für alle Weinliebhabenden.;9.224717617034914;47.53880347298692;Talackerstrasse 5;8586;Buchackern;0041716481287;info@tuermliwy.ch;https://www.tuermliwy.ch/;[{'@type': 'ImageObject', 'contentUrl': 'https://tgtpimtsoch.sos-ch-dk-2.exoscale-cdn.com/catalog/c/8/a/6/c8a6e1815194c4c5d0f79c8a8501ad1db5bb4a53_IMG_3514.JPG'}];2026-03-17T14:27:59+01:00
06ac682f-23ad-431f-8c66-eb71c2704f81;Strähl Käse;Dank dem Innovationsgeist von Paul Strähl sen. und der unternehmerischen Energie der Nachfolgegenerationen der Familien Strähl und Holenstein, ist die Strähl Käse AG heute ein unabhängiges Familienunternehmen.;Was 1934 als Einmann-Betrieb begonnen hatt, entwickelte sich bis heute zu einem dynamischen Familienunternehmen mit rund 70 Mitarbeitenden. Das handwerkliche Geschick steht im Vordergrund, wenn es darum geht, die verschiedenen Käse-Spezialitäten mit aufwändiger Pflege zum optimalen Reifegrad zu begleiten. Die meisten Käsesorten kennt man weit über die Kantonsgrenze. Kein Wunder, denn täglich werden im kleinen Dorf bis zu 150'000 Liter Thurgauer Kuhmilch zu feinem Käse verarbeitet.

Produkte
Die ältere Generation erinnert sich noch an den «Strähl-Chäs» – so nannten die Thurgauer den grünen Tilsiter. Heute trifft man in fast allen guten Käsevitrinen auf viele weitere Spezialitäten mit Namen wie Thurgauer Rahmkäse, Echter Thurgauer, Bonaparte, Bonapepe, Arenenberger, Farmer, Landrauchkäse, Valbella Kümmelkäse oder ausgezeichneter Raclette-Käse in 4 Sorten.;9.1676012;47.6109626;Bahnhofstrasse 1;8573;Siegershausen;+41 71 678 11 11;info@straehl.ch;https://www.straehl.ch;[{'@type': 'ImageObject', 'contentUrl': 'https://tgtpimtsoch.sos-ch-dk-2.exoscale-cdn.com/catalog/8/4/3/8/84386785380514f095364e74965596f293661bfb_Str__hl_K__se_AG_K__sekeller_mit_Person.jpg'}];2026-03-19T14:08:21+01:00
07f21f72-2e02-41a0-8b45-f1b4864c1aef;Giusis Restaurant & Palaver Bar;Frisch, regional, nachhaltig und mit viel Liebe zum Handwerk – im Restaurant «Giusis» in Amriswil geniessen Gäste saisonale Gerichte aus der Region, sorgfältig und mit Leidenschaft zubereitet.;<p data-start="348" data-end="607">Giusis Restaurant begeistert mit frischer, saisonaler K&uuml;che und einer einmaligen Atmosph&auml;re. Der kulinarische Geheimtipp im Herzen von Amriswil liegt nur wenige Schritte vom Bahnhof entfernt &ndash; ideal f&uuml;r G&auml;ste, die nachhaltig mit dem Zug in den Thurgau reisen. Das stilvolle, gem&uuml;tliche Ambiente, die herzliche Gastfreundschaft und die feinen Gerichte aus regionalen Zutaten lassen den Alltag vergessen. Ob f&uuml;r die Mittagspause, einen entspannten Abend oder eine Familienfeier &ndash; im Giusis in Amriswil findet man f&uuml;r jede Gelegenheit das passende kulinarische Erlebnis.&nbsp;Die vielseitigen R&auml;umlichkeiten eignen sich perfekt f&uuml;r unvergessliche Momente &ndash; sei es ein Ausflug mit der Familie oder ein festlicher Anlass. An warmen Tagen l&auml;dt die idyllische Gartenterrasse zum Verweilen ein. Direkt nebenan &uuml;berrascht die stilvolle Palaver Bar mit einer feinen Auswahl an erlesenen Weinen. Ob ein Glas nach Feierabend oder eine exklusive Weinverkostung &ndash; hier kommen alle auf ihre Kosten, die Wein lieben.</p>;9.302375;47.5494085;Rennweg 6;8580;Amriswil;+41 412 70 70;info@giusisamriswil.ch;https://www.giusisamriswil.ch;[{'@type': 'ImageObject', 'contentUrl': 'https://tgtpimtsoch.sos-ch-dk-2.exoscale-cdn.com/catalog/8/2/4/f/824f06a5d5371d7e331b843ab8236b0464ba0dcf_Bild_Amriswil.jpg'}];2025-08-20T11:48:07+02:00
080963d0-9350-4826-9441-28dab02c2056;US-MEX Terraza Kreuzlingen;Direkt am Wasser, hinter der Bodensee-Arena, werden die Gäste über die Sommermonate im US-MEX Terraza Kreuzlingen begrüsst. Gemütliche Lounges, süffigen Drinks und unwiderstehliche US‑MEX Snacks laden von April bis September zum Geniessen und Verweilen ein.;In der grosszügigen Strandbar direkt am Bodensee und an der Grenze zu Deutschland lassen sich die Sommertage und lauen Sommernächte genussvoll erleben und den Alltag vergessen. Es erwarten die Gäste erfrischende Apéros und süffige Drinks bei unvergesslichen Sonnenuntergängen. Natürlich im gewohnten US-MEX Style: Grosszügige Portionen zu fairen Preisen bei hoher Qualität.

Die US-MEX Terraza Kreuzlingen ist von April bis September bei gutem Wetter täglich geöffnet. Informationen über den Öffnungsstatus sind auf der Website oder Facebookseite zu finden.

Eine weitere US-MEX Terraza ist in Steckborn am Untersee sowie in Frauenfeld an der Murg zu finden. Das dazugehörige US-MEX Restaurant gibt es an vier weiteren Standorten: Frauenfeld, Schaffhausen, St. Gallen, Weinfelden.

Hinweis: Das US-MEX ist keine Einlösestelle des Thurgau-Gutscheins.;9.182043671607973;47.655451937808;Seestrasse 11B.2;8280;Kreuzlingen;+41 71 511 29 30;kreuzlingen@usmex.ch;https://www.usmex.ch/terraza-strandbar/welcome/;[{'@type': 'ImageObject', 'contentUrl': 'https://tgtpimtsoch.sos-ch-dk-2.exoscale-cdn.com/catalog/d/4/c/5/d4c5488d2a5453dfc9383e2b2e5da659049ec265_usmex_terraza_kreuzlingen_terrasse.jpg'}];2026-07-23T08:32:33+02:00
09479141-0244-487e-9f23-c0da708aea60;Biotta ;Biotta ist eine Saftmanufaktur in Tägerwilen. Der Schweizer Bio-Pionier steht seit über 65 Jahren für einen respektvollen Umgang mit Mensch und Natur und Saftkreationen vom Feinsten.;In der Biotta Saftmanufaktur im Thurgauischen Tägerwilen werden direkt gepresste, naturbelassene Säfte und Smoothies hergestellt. Dabei stehen die biologische Ausrichtung, hohe Qualitätsstandards und der Genuss im Vordergrund. Wenn immer möglich, bezieht Biotta seine Rohstoffe von lokalen Bauern. Mit den Anbaupartnern in der Region aber auch im Ausland werden langjährige und vertrauensvolle Beziehungen gepflegt. Ergebnis sind geschmackvolle gesunde Frucht- und Gemüsesäfte, Smoothies, Shots und gar eine natürliche Alternative von Energydrink. 

Vom Feld in die Flasche und in die Verkaufsregale von Schweizer Supermärkten und Drogerien. Die leckeren Biottasäfte sind auch in diversen Online-Shops erhältlich.;9.138273;47.655565;Pflanzbergstrasse 8;8274;Tägerwilen;+41 71 466 48 39;daniela.schoenenberger@biotta.ch;https://biotta.ch/de/;[{'@type': 'ImageObject', 'contentUrl': 'https://tgtpimtsoch.sos-ch-dk-2.exoscale-cdn.com/catalog/a/5/1/f/a51f3e34e29976cafd79a7fd9fb75648c9f03f0e_Biotta_Vita_7.png'}];2026-03-19T14:07:35+01:00
0b6835b4-cc7c-4fd3-b0ee-070de9453316;US-MEX Lake House;Das US-MEX LAKE HOUSE in Arbon verbindet Seeblick, entspannte Lake Vibes und unkomplizierten Genuss. Aktuell sorgt ein Warm-Up Betrieb mit Barcontainer, kleinem Foodangebot und Terrasse für Sommerfeeling am Bodensee. Aktuell nur bei schönem Wetter geöffnet.;<p>Das US-MEX Lake House in Arbon im Kanton Thurgau liegt direkt am Bodensee beim Seeparksaal und steht f&uuml;r unkomplizierten Genuss, Seeblick und entspannte Atmosph&auml;re.</p><p>Aktuell wird der Standort als Warm-Up Betrieb mit Aussenkonzept gef&uuml;hrt: Barcontainer, Foodtruck, gem&uuml;tliche Sitzgelegenheiten und die Terrasse am See machen bereits erlebbar, was sp&auml;ter als festes US-MEX Restaurant und Seeterrasse weitergef&uuml;hrt wird. Der Warm-Up Betrieb ist nur bei sch&ouml;nem Wetter ge&ouml;ffnet.</p><p>Die Lage direkt am Wasser, die Aussicht auf den Bodensee und die N&auml;he zum Seeparksaal machen das US-MEX Lake House zu einem attraktiven Treffpunkt f&uuml;r Einheimische, Ausfl&uuml;gler, Spazierg&auml;nger und G&auml;ste in Arbon. Im Fokus stehen entspannte Sundowner-Stimmung, unkomplizierte US-MEX Kulinarik und eine moderne Gastronomie-Erfahrung am See.</p>;9.433559;47.5193278;Wassergasse 14;9320;Arbon;+41716263000;arbon@usmex.ch;https://www.usmex-lakehouse.ch;[{'@type': 'ImageObject', 'contentUrl': 'https://tgtpimtsoch.sos-ch-dk-2.exoscale-cdn.com/catalog/8/8/7/8/88786eb6826aae081bdbe79538fd03e1d9e59682_260716_usmex_lakehouse.jpg'}];2026-08-10T12:54:12+02:00
12a307a8-d577-4f99-9bdb-367fd992dd94;Veranda Arbon;Den Sommer an Arbons Strandpromenade mit Freunden und Familie geniessen! Einen kühlen Drink schlürfen mit herrlicher Aussicht auf den Bodensee und die Arboner Bucht. Und das mit mediterranem Ambiente – viel Meer brauchen wir nicht zum Glücklichsein!;<p>Im Veranda gibt es ein kleines und feines Angebot mit frischen, regionalen und saisonalen Zutaten. Zudem werden auch Fingerfood-Lovers mit knusprig frittierten Leckereien serviert. Eine grosse Auswahl an sommerlichen Drinks mit und ohne Alkohol findet man natürlich auch auf der Karte. Hello Sunshine! Die Sonntags-Langschläfer dürfen ihren ersten Kaffee auf der Veranda trinken. Von 10 bis 13.30 Uhr gibts dazu sogar noch hausgemachtes Birchermüesli, Zmorge Bagel oder Gipfeli.</p>;9.4343397;47.5113927;Bahnhofstrasse 49;9320;Arbon;071 440 00 76;hallo@verandaarbon.ch;https://verandaarbon.ch/;[{'@type': 'ImageObject', 'contentUrl': 'https://tgtpimtsoch.sos-ch-dk-2.exoscale-cdn.com/catalog/8/1/f/9/81f9aed73e7d27f429974a9194beb1ebff82062f_hauptbild.jpg', 'caption': {'de': 'Veranda Arbon'}}];2025-05-17T09:21:14+02:00
152c4a82-ab06-402f-ba5a-edebd8dca2aa;Weingut Schmid;Das Familien-Weingut Schmid in Schlattingen ist jeden Samstag von 9:00 bis 13:00 Uhr für Gäste geöffnet. Auf Anfrage werden auch Weindegustationen angeboten.;Im thurgauischen Schlattingen bewirtschaftet das Weingut rund 6 Hektar Reben. Auf dem idyllischen Familienbetrieb werden alle Arbeitsschritte von der Rebe bis ins Glas vereint, die einzigartigen Weine wurden schon mehrfach national und international ausgezeichnet.;8.7686167;47.6619907;im Chloster 10;8255;Schlattingen;+41 52 657 24 95;info@weingut-schmid.ch;http://www.weingut-schmid.ch;[{'@type': 'ImageObject', 'contentUrl': 'https://tgtpimtsoch.sos-ch-dk-2.exoscale-cdn.com/catalog/2/c/e/d/2ced2acaa6669eb77a6098cf3705001503129b27_DSC_2628.jpg'}];2026-05-16T00:06:37+02:00
1637d55b-4c62-4c7d-9499-575b681605f5;Hafenlounge Romanshorn;In der Hafenlounge in Romanshorn fühlt man sich den ganzen Sommer wie in den Ferien. Gäste können sich hier einen kühlen Sommerdrink an einem der sonnigsten Plätze auf der Schweizer Seite des Bodensees gönnen.;Direkt am Fährhafen von Romanshorn können die Gäste in der Hafenlounge auf einem der bequemen Strandstühle die einfahrenden Schiffe beobachten und erhalten obendrauf eine grandiose Aussicht auf die Bergketten des Alpsteins. Hier kann man von April bis September im Beachsand, in einer gemütlichen Lounge, oder auf einem der 200 weiteren stilvollen Sitzplätze einen kühlen Drink geniessen und entspannen. Kulinarisch verwöhnt werden die Gäste mit den regionalen und frisch zubereiteten Speisen direkt vom Grill.;9.3808081;47.5674689;Hafenstrasse 29;8590;Romanshorn;+41 71 463 95 95;info@hafenlounge.ch;http://hafenlounge.ch/;[{'@type': 'ImageObject', 'contentUrl': 'https://tgtpimtsoch.sos-ch-dk-2.exoscale-cdn.com/catalog/1/4/4/8/1448bfe06738ee63b09608d64ad691ed6f2277ac_Gro____IMG_0087___4.jpeg'}];2026-05-16T08:57:19+02:00
1a8156e2-f397-42e2-8f19-8ebe0ebc6857;Presswerk Gastronomie & Eventhalle;Das Presswerk in Arbon präsentiert sich als einzigartige Location, geprägt von industriellem Flair und urbaner Romantik. Ob zum Apéro mit Geschäftskollegen, zu Kaffee und Kuchen mit der Familie oder zum Nachtessen mit Freunden – das Presswerk heisst alle Gäste herzlich willkommen.;Ein historisches Backsteingebäude im Industriestil, weitläufige, lichtdurchflutete Hallen mit hohen Decken und moderner Ausstattung: Das Presswerk in Arbon präsentiert sich als einzigartige Location, geprägt von industriellem Flair und urbaner Romantik. Das zwischen 1905 und 1910 erbaute Gebäude diente zuerst der Stickereifabrik Heine bis in die 1940erJahre als Energiezentrale. Danach wurde es von Adolph Saurer gekauft und als Presserei sowie für den Rahmenbau genutzt. Nach einer aufwändigen Renovierung erstrahlt das Industriegebäude seit Ende 2018 in neuem Glanz und richtet sich multifunktional aus. Hier wird getanzt, gefeiert, gegessen und musiziert. Das Presswerk ist heute ein kreativer Treffpunkt mit einem vielfältigen Raumangebot – sowohl für kulturelle Ereignisse als auch für private Anlässe.;9.4312402;47.5101523;Hamelstrasse 15;9320;Arbon;+41 71 446 04 23;kontakt@presswerk-arbon.ch;http://www.presswerk-arbon.ch/;[{'@type': 'ImageObject', 'contentUrl': 'https://tgtpimtsoch.sos-ch-dk-2.exoscale-cdn.com/catalog/f/d/6/3/fd63160a37cf59840c83a7d12a827541aa955dc3_Arbon_Presswerk_Restaurant_7.jpg'}];2026-05-16T00:01:50+02:00
1c9f7866-513a-4ac3-a8be-31cf932705ae;Restaurant Seegarten;Am Bodensee, direkt am Kreuzlinger Yachthafen und in unmittelbarer Nähe eines Naturschutzgebietes, liegt das Restaurant Seegarten. Unter der Leitung von Cynthia und Charlie Günter gilt es als kulinarische Perle – ein Ort, an dem laut einem renommierten Gourmetkritiker «Sehnsüchte wahr werden».;<div>Das Restaurant Seegarten besticht durch die frische Zubereitung der Speisen. In der Küche verarbeitet Charlie Günter Produkte aus der Region: Das Gemüse stammt von den umliegenden Bauernhöfen, die Fischer aus der Nachbarschaft sorgen für saisonale Angebote auf der Speisekarte. Besonders anspruchsvolle Gäste können sich auf die täglich wechselnden Empfehlungen des Hauses verlassen.</div><div>Im Weinkeller des Seegartens lagern über 750 edle Tropfen, ein Drittel davon aus der Schweiz. Die Auswahl umfasst exzellent gelagerte Jahrgänge, die sowohl Kenner als auch Geniesser begeistern. </div><div><br></div><div>Die Weinkarte des Restaurants wurde 2002 in die «Best Wine List» aufgenommen, eine renommierte Liste, in der nur Weinkarten vertreten sind, die im Newsletter «Wein Wisser» mindestens 18 von 20 Punkten erhalten haben. Zurzeit gehören nur 19 Weinkarten in der Schweiz zu dieser exklusiven Auswahl.</div><div><br></div>;9.1957184;47.6469607;Promenadenstrasse 40;8280;Kreuzlingen;+41 71 688 28 77;restaurant@seegarten.ch;http://www.seegarten.ch/;[{'@type': 'ImageObject', 'contentUrl': 'https://tgtpimtsoch.sos-ch-dk-2.exoscale-cdn.com/catalog/2/3/5/1/23516d6a01e48af652fb77afe7a49d15ba8fddd4_AF1QipMWTQks51ySbzdz2NfT441Li9i3BBUZgTJLeAni_s1600_h1479.jpg'}];2025-05-17T09:16:03+02:00
1fc7797e-c3e5-4e82-8b37-6bd39c1cbf47;Restaurant Miski Takiy  - Peru;Herzliche südamerikanische Gastfreundschaft und authentische peruanische Gastronomie erwartet Gäste in der Altstadt Frauenfeld im Miski-Takiy. Ihre Frische, Würze und Vielfalt an Aromen und Texturen macht die Küche Perus zu einer der besten der Welt.;Im Herzen der Altstadt Frauenfelds, umgeben von mittelalterlichen Gebäuden, liegt das einzige peruanische Restaurant des Kantons Thurgau: Miski-Takiy. Dank des lateinamerikanischen Flairs und der passenden Musik stellt sich bei Besuchenden bald ein exotisches Urlaubsgefühl ein. Gäste erleben hier eine kulinarische Entdeckungsreise von der peruanischen Küste, über die Anden bis hin zum Amazonasgebiet, von exotischen Pisco-Cocktails bis hin zu frischen Ceviche. Die Gastgebenden tragen die Küche ihres Landes im Herzen und in der Seele und haben sich zum Ziel gesetzt, ihre Gäste durch das würzige, pikante und erfrischende kulinarische Abenteuer ihres Heimatlandes zu führen. Peru wurde übrigens bei den World Travel Awards bereits zum 10. Mal als «Weltweit führendes kulinarisches Reiseziel» ausgezeichnet. Ein Besuch lohnt sich.;8.897946;47.5561887;Freiestrasse 15;8500;Frauenfeld;+41715582330;info@miskitakiy.ch;https://www.miskitakiy.ch;[{'@type': 'ImageObject', 'contentUrl': 'https://tgtpimtsoch.sos-ch-dk-2.exoscale-cdn.com/catalog/3/6/e/b/36ebdf992d36bbf1def5ab69eb0a36a4c812b0a1_IMG_9004.jpg'}];2025-05-17T09:15:12+02:00
225e182b-7742-4c04-83e6-0651f5aef821;Restaurant & Bar Adler Berlingen;Restaurant & Bar Adler in Berlingen – ein Ort für Genuss und Geselligkeit. Ob ein entspanntes Abendessen oder ein gemütlicher Drink an der Bar – hier findet jeder das passende Ambiente.;<p>Direkt am idyllischen Untersee, einem Teil des Bodensees, l&auml;dt das Restaurant Adler in Berlingen zum Geniessen und Verweilen ein. Kulinarische Spezialit&auml;ten wie Fleisch auf dem heissen Stein oder das klassische Entrec&ocirc;te Caf&eacute; de Paris werden mit Sorgfalt und Frische zubereitet. Der Stammtisch und die Bar laden zu geselligen Stunden ein und bieten eine erlesene Auswahl an Weinen, ausgew&auml;hlten Bieren und erstklassigen Cocktails.</p>
<p>F&uuml;r einen Aufenthalt in der Region stehen komfortable Unterk&uuml;nfte zur Verf&uuml;gung: Ein gem&uuml;tliches Doppelzimmer sowie eine grossz&uuml;gige 3,5-Zimmer-Wohnung bieten den idealen Rahmen f&uuml;r entspannte Tage am Bodensee. Nur wenige Schritte entfernt laden das Ufer des Bodensees und der nahegelegene Hafen zu abwechslungsreichen Freizeitaktivit&auml;ten ein &ndash; ob Baden, Spazieren oder einfach die Natur geniessen. Der Adler vereint kulinarische Erlebnisse, geselliges Beisammensein und erholsame Tage am Bodensee &ndash; ein Ort zum Wohlf&uuml;hlen inmitten des sch&ouml;nen Thurgaus.</p>;9.016196126643113;47.67398085000001;Seestrasse 28;8267;Berlingen;+41797472828;adler-berlingen@outlook.com;https://www.adler-berlingen.ch;[{'@type': 'ImageObject', 'contentUrl': 'https://tgtpimtsoch.sos-ch-dk-2.exoscale-cdn.com/catalog/1/9/4/7/1947b570dd9cff6db8e8524c2aa4f75f8ddcc881_0092_KB_Q_1300x867.jpg'}];2025-07-23T13:26:19+02:00
22e409f1-67dd-49d4-ab66-3cfb79102cee;Restaurant & Biergarten Fischerhaus;Modernes wunderschön direkt am Ufer des Bodensees gelegenes Restaurant und Biergarten, das für schöne Stunden zum Verweilen einlädt. 
Unkomplizierter Genuss im Biergarten unter Kastanienbäumen mit Blick auf die Konstanzer Bucht. Gehobenere Ansprüche werden im Restaurant erfüllt.;Das Restaurant müsste wohl in vier Bereiche aufgeteilt sein. Ein schönes Stübli, eine typische Terrasse und der verglaste Restaurant-Pavillon. Hier gibt es frischen Fisch, eine feine Auswahl an Vegi- und Fleischgerichten und ein umfangreiches Weinangebot.

An schönen Tagen im Sommer lädt der unkomplizierte Biergarten mit 250 Sitzplätzen zum Verweilen ein. Hier werden die Gäste mit Burgern, Salaten, Schnitzel und Steinofen-Pizza verwöhnt.;9.199285;47.6471854;Promenadenstrasse 52;8280;Kreuzlingen;+41 71 688 18 77;info@fischerhaus.ch;http://www.fischerhaus.ch/;[{'@type': 'ImageObject', 'contentUrl': 'https://tgtpimtsoch.sos-ch-dk-2.exoscale-cdn.com/catalog/0/f/7/6/0f76c9c7dc1e9375da0ae9d072260297fee71986_AF1QipN5JG4UQ74KTrnoRjpNKVH4MjeLPv4FbMooJRh4_s1600_h1536.jpg'}];2026-05-15T23:01:42+02:00
246fb02b-01a5-4624-b76d-a32b9a509010;Quellpark Kundelfingerhof;Im Quellpark Kundelfingerhof dreht sich alles rund um Fisch, Genuss und Wasser. Neben dem Natur- und Angelpark finden Gäste ein à la Carte-Restaurant, den Bankettpavillon am Teich, einen Hofladen, eine Hofmanufaktur, einen Angelshop und die bekannte Fischzucht.;Der Natur- und Angelpark bietet ein ideales Ziel für einen Genuss-, Firmen- oder Familienausflug. Im Restaurant spielt der eigene Fisch die Hauptrolle. Eine idyllische Atmosphäre, gepaart mit herzlicher Gastfreundschaft und kulinarische Köstlichkeiten, erwartet die Besuchenden. Auf die kleinen Gäste wartet ein Spielplatz draussen und Mal- und Spielsachen drinnen. Die Küche zaubert zudem feine kindergerechte Gerichte. Der Bankettpavillon direkt am Wasser ist die ideale Lokalität für Hochzeiten und Bankette bis 150 Personen. Alle Räumlichkeiten sind barrierefrei und rollstuhlgängig.

Der Selbstbedienung-Hofladen präsentiert ein grosse Auswahl an lokalen Spezialitäten in der Region. Viele Produkte stammen aus der eigenen Hofmanufaktur. Der Angelshop dient als Anmeldung für den Angelpark und bietet eine Auswahl an Angelzubehör und Ködern. Der Hofladen und der Angelshop sind 24/7 geöffnet. Bezahlt wir an einer Selfscanning-Kasse.;8.7078125;47.6771618;Kundelfingerhof;8252;Schlatt;+41 52 646 06 06;info@kundelfingerhof.ch;http://www.kundelfingerhof.ch/;[{'@type': 'ImageObject', 'contentUrl': 'https://tgtpimtsoch.sos-ch-dk-2.exoscale-cdn.com/catalog/3/4/4/3/34438809f09d8559fd0db20d86e75105fcda4e0c_DSC001612019.jpg'}];2026-03-19T14:18:41+01:00
257aa86f-c296-4898-8c2a-167acaa95bf2;erMarina Event- & Gastroschiff;Ehemals Bodenseekursschiff «MS Kreuzlingen» – heute stilvolles Event-, Gastroschiff und Fondue-Chalet in einem. Das «erMarina» in Ermatingen verwöhnt Gäste mit kreativer und auserlesener Küche, malerischen Sonnenuntergängen und wunderbaren Ausfahrten auf dem Untersee.;Schon über 65 Jahre alt ist das ehemalige Kursschiff MS Kreuzlingen. Trotzdem wurde es nicht in Pension geschickt – nein, es erhielt eine Verjüngungskur. Stilvoll renoviert und zum Restaurant umgebaut liegt es nun seit 2021 als «erMarina» in Ermatingen an der neuen Hafenanlage Stedi in Ermatingen. Mit gekühltem Drink in der Hand und sanft geschaukelt relaxt man hier auf der Decklounge oder lässt sich im Restaurant raffinierte regionale Spitzenkulinarik schmecken. Immer mit dabei: ein herrlicher Blick auf den Untersee. Das Schiff kann ausserdem täglich für Veranstaltungen und Ausfahrten für bis zu 180 Personen gebucht werden. Von Oktober bis März geniesst man im Winterschiff «SeeChalet» das beste Käsefondue der Region.;9.08575773239136;47.675010848212;Schifflände;8272;Ermatingen;+41 76 482 82 72 ;info@ermarina.ch;https://www.ermarina.ch;[{'@type': 'ImageObject', 'contentUrl': 'https://tgtpimtsoch.sos-ch-dk-2.exoscale-cdn.com/catalog/e/1/6/7/e1677ed3ffc9a1c575e9e7c73a9620829ada3897_2021_07_22_20_21_54.JPG'}];2026-03-12T10:28:08+01:00
2cb39645-e586-4e46-8ea8-a1760320f5f7;Brauhaus Sternen;Das Brauhaus Sternen in Frauenfeld wurde vor bald 30 Jahren mit folgendem Geschäftszweck gegründet: Betrieb von bierfreundlichen Restaurants. Auch heute noch ist man diesem Zweck treu geblieben und braut in Frauenfeld selber.;Die Sternenbeiz ist mit viel Holz ausgestattet und lädt zum Geniessen ein. Zu den Bierspezialitäten stehen klassische Gerichte wie Hefeteigfladen, Quarkteigkrapfen, Bagels, Brauhaus-Burger, Münchner Weisswurst und auch Bierwurst zur Auswahl. 

Jeden Sonntag wird ein feiner Brauhaus-Bier-Brunch mit Bier zum Selberzapfen angeboten. Zudem können Bankette, Seminare und Feste im Brauhaus gefeiert werden. Führungen, Degustationen sowie Braukurse runden die Erlebnisgastronomie ab. 

Wenn es ums Bier geht, ist man im Brauhaus Sternen genau an der richtigen Adresse.;8.9006159;47.5585;Zürcherstrasse 216;8500;Frauenfeld;+41 52 728 99 09;frauenfeld@brauhaus.ch;http://www.brauhaus.ch/;[{'@type': 'ImageObject', 'contentUrl': 'https://tgtpimtsoch.sos-ch-dk-2.exoscale-cdn.com/catalog/c/8/9/6/c896aa8ba55514f8c59e4b263eac1664d3ff6fa5_Brauhaus_Sternen.jpg'}];2026-05-15T23:01:56+02:00
31b26585-89d4-4076-8656-c87c6bc63e5c;pipo‘s BAR;pipo’s BAR liegt direkt am Untersee in Berlingen und verbindet sommerliches Beachbar-Flair mit stimmungsvoller Winter-Atmosphäre. Der Betrieb bietet saisonale Drinks und Speisen – von Grilladen und Salaten im Sommer bis zu Signature Cocktails, Hot Dogs und Pinsa im Winter.;pipo’s BAR in Berlingen ist ein ganzjährig geführter Betrieb direkt am Untersee, der durch die Kombination aus Sommer-Outdoorbetrieb und Winter-Indoorbetrieb auffällt. In den Sommermonaten präsentiert sich die Bar als offene Beach-Lounge am Wasser mit Blick auf See und Sonnenuntergang. Im Mittelpunkt stehen entspannte Stunden in Liegestühlen, leichte Snacks wie Salate und Pinsa, Grilladen sowie eine sorgfältig zusammengestellte Auswahl an Drinks und Aperitivi. In der Wintersaison verwandelt sich pipo’s BAR in eine stimmungsvolle Indoor-Cocktailbar mit überschaubarer, aber hochwertiger Spirituosenauswahl, Signature Cocktails, Hot Dogs und Pinsa. Die Lage direkt am See, das persönliche Gastgeberkonzept und der klare Fokus auf unkomplizierte Auszeiten machen pipo’s BAR zu einem Treffpunkt für Einheimische, Ausflugs- und Feriengäste, die ein authentisches, saisonal geprägtes Angebot im Thurgau suchen.;9.0111;47.6721194;West Point;8267;Berlingen;+41794027049;info@pipos-bar.ch;https://www.pipos-bar.ch;[{'@type': 'ImageObject', 'contentUrl': 'https://tgtpimtsoch.sos-ch-dk-2.exoscale-cdn.com/catalog/d/7/1/0/d7101b30fea12b883bbab8990437884b63765218_IMG_7645.jpeg'}];2026-03-17T09:58:41+01:00
38e9c8c1-607e-4c91-a2dc-a2bc7893462c;US-MEX Frauenfeld;Das US-MEX Restaurant Frauenfeld liegt direkt an der Murg vis-à-vis vom Schloss Frauenfeld. In ungezwungener Atmosphäre werden hier an 365 Tagen im Jahr US-Mexikanische Speisen zu fairen Preisen serviert.; Eintreten und das Leben geniessen! Das im US-Mexikanischen Stil gestaltete Restaurant mit grosszügiger Sonnenterrasse ist direkt an der Murg gelegen und lässt Urlaubsgefühle aufkommen! Die US-MEX Speisekarte bietet Klassiker und eigene Kreationen aus der mexikanischen und amerikanischen Küche, die durch geschmackliche Vielfalt, Frische und Qualität überzeugen. Es werden angemessen Portionen zu fairen Preisen serviert.

Direkt neben dem US-MEX Restaurant befindet sich der US-MEX Salón; eine Café Bar mit dem Flair eines gemütlichen Wohnzimmers. Serviert werden feine Kaffees & auserwählte Tees, süffige Cocktails sowie leckere Snacks für den kleinen Hunger.

Von April bis September lassen sich die Sonnentage am entspanntesten in der US-MEX Terraza, der Strandbar an der Murg ausklingen. Freuen dürfen sich die Gäste über gemütliche Lounges, ein passendes Getränkeangebot und unwiderstehliche US-MEX Snacks.;8.8963718;47.5547915;Zürcherstrasse 148;8500;Frauenfeld;+41 52 366 00 86;frauenfeld@usmex.ch;http://www.usmex.ch/;[{'@type': 'ImageObject', 'contentUrl': 'https://tgtpimtsoch.sos-ch-dk-2.exoscale-cdn.com/catalog/9/d/4/1/9d41e6f7f8ccbbd6536ca2fc8aaae917a2e9146d_170622_USM_FF_Terrasse_dunkel_031.jpg'}];2026-05-15T23:46:47+02:00
3dad61a4-8f0d-4650-ba63-ca6764dcbdf6;Bistro Live Weinfelden;Kulinarik & Gastfreundschaft in Weinfelden! Feinste Grillspezialitäten und auserlesene Weine gepaart mit einem persönlichen Service in einer familiären Atmosphäre. Herzlich willkommen im Bistro Live!;<p>Seit 1987 ist das Bistro Live ein Ort der Begegnung, an dem Gastfreundschaft und Genuss gelebt werden. Mit wechselnden Mittags- und Wochenmenüs, feinen Grillspezialitäten und besten Weinen zu fairen Preisen sorgen wir für Kulinarik, die Freude macht. Unsere Gerichte werden frisch zubereitet und wenn immer möglich verwenden wir saisonale Produkte aus der Schweiz von hochwertiger Qualität. Abgerundet durch einen persönlichen Service sorgen wir für eine familiäre Atmosphäre, in welcher sich jeder willkommen und wie zu Hause fühlen darf.</p>;9.1253678;47.5630951;Amriswilerstrasse 57;8570;Weinfelden;+41 71 622 57 55;info@bistro-live.ch;https://bistro-live.ch;[{'@type': 'ImageObject', 'contentUrl': 'https://tgtpimtsoch.sos-ch-dk-2.exoscale-cdn.com/catalog/c/9/e/3/c9e3cdf7704d51c900e4bfc97b6fe0ec4a65c38d_bistro_live_gastraum.jpg'}];2025-05-17T08:35:38+02:00
4b0bf48d-7799-4421-bc31-d90d6da4ad26;Huus-Braui;Die Huus-Braui ist eine kleine aber feine Spezialitäten-Brauerei, welche sich ganz und gar der Kunst des Bierbrauens verschrieben hat. In der Huus-Braui-Bar geniessen die Gäste die feinen, handwerklich gebrauten Biere in gemütlicher Atmosphäre. Hier treffen sich Freunde zum gemütlichen Feierabendbier.;Handwerklich gebraut mit reinem Roggwiler Quellwasser, auserlesenem Malz und Hopfen. Nicht filtriert, nicht pasteurisiert und frei von Konservierungsmitteln. Ehrlich! Prost!

Die Brauerei liegt im Herzen von Roggwil TG, gleich neben einer der schönsten Schlossanlagen des Kantons. Wer die Bar besucht, steht gleichzeitig «in» oder «über» der Brauerei und hat Einsicht auf die grossen Tankanlagen. Auf Anfrage kann man sich durch die Brauerei führen lassen und so einiges über die Bierbraukunst erfahren. Die gemütliche Bar in den schön ausgebauten Kellerräumen der «alten Öli» ist zu einem beliebten Treffpunkt geworden. Direkt in der Brauerei geniessen die Gäste ihr Feierabendbier. Ob hell, dunkel, gold oder das momentane Spezialbier, das Personal ist bei der Wahl gerne behilflich. Auch der kleine Hunger kommt nicht zu kurz. Die kleinen aber feinen Snacks runden das Biererlebnis in der Huus-Braui ab.;9.3954834;47.5005029;Schlossgässli 2;9325;Roggwil TG;+41 71 450 06 36;info@huus-braui.ch;http://www.huus-braui.ch/;[{'@type': 'ImageObject', 'contentUrl': 'https://tgtpimtsoch.sos-ch-dk-2.exoscale-cdn.com/catalog/a/f/3/8/af387b55eb180c25e7f5cd7ddab6c9ead6048d29_Bier__2.jpg'}];2026-08-04T14:32:04+02:00
542e5e0c-7d3a-45e1-938d-69313b292003;US-MEX Terraza Steckborn;Die US-MEX Terraza Steckborn liegt im Feldbachareal, am wohl lauschigsten Plätzchen am Untersee. Gemütliche Lounges, süffigen Drinks und unwiderstehliche US‑MEX Snacks laden von April bis September zum Verweilen und Geniessen ein.;Direk am Wasser am Untersee lassen sich die Sommertage und die lauen Sommernächte genussvoll erleben – Unvergessliche Sonnenuntergänge garantiert! Serviert werden süffige Drinks und unwiderstehliche US-MEX Snacks. Natürlich im gewohnten US-MEX Style: Grosszügige Portionen zu fairen Preisen bei hoher Qualität. 

Die US-MEX Terraza Steckborn ist von April bis September bei gutem Wetter täglich geöffnet. Informationen über den Öffnungsstatus sind auf www.usmex-terraza.ch zu finden.

Weitere US-MEX Terrazas sind in Kreuzlingen direkt am Bodensee sowie in Frauenfeld an der Murg zu finden. US-MEX Restaurants gibt es an vier Standorten: Frauenfeld, Schaffhausen, St. Gallen, Weinfelden.;8.9716976;47.6623611;Seestrasse 174;8266;Steckborn;+41 76 385 98 34;steckborn@usmex.ch;https://www.usmex.ch/terraza-strandbar/welcome/;[{'@type': 'ImageObject', 'contentUrl': 'https://tgtpimtsoch.sos-ch-dk-2.exoscale-cdn.com/catalog/c/8/6/e/c86e80574650aedfc15a1b565d6ce1c1ec0e1ba6_Steckborn_US_Mex_Terraza_Hauptbild.jpg'}];2026-08-04T04:03:50+02:00
55143370-d26f-4a91-9803-f9bc93cb990a;Firehouse Weinfelden;RESTAURANT, BAR, EVENTS! Willkommen im Firehouse Weinfelden, der vielfältigsten Location in der Ostschweiz, die Kulinarik und Events verbindet. Ganz nach dem Motto «EAT, DRINK, CELEBRATE».;Waren es früher nur die legendären Partynächte, präsentieren wir uns heute als vielseitigen Treffpunkt für Kulinarik und Events. Nach wie vor feiern wir regelmässig zu altbekannten Partyformaten und bieten ein attraktives Eventprogramm mit abwechslungsreichem DJ-Line-Up. 

<p>Seit 2025 bietet das Firehouse zudem einen festen Restaurant-und Barbetrieb mit einem vielfältigen Angebot, diversen Cocktails &amp; Mockktails und attraktiven Öffnungszeiten. Von ofenfrischen Pizzen über kreative Tapas bis hin zu abwechslungsreichen Hauptgerichten, im Firehouse steht Vielfalt an oberster Stelle. 

Neben dem regulären Betrieb kann das Firehouse auch für private Anlässe oder Corporate Events gemietet werden. Ergänzend zum passenden Setting und der notwendigen Infrastruktur steht ein komplettes Rundumpacket, von der Eventplanung bis zur Durchführung mit Catering, zur Verfügung. 

Weitere Infos zum Firehouse &amp; Eventprogramm sind auf der Website zu finden.</p>;9.1256513;47.5629874;Amriswilerstrasse 57;8570;Weinfelden;+41 71 626 30 07;firehouse@2bevents.ch;http://www.firehouse.ch/;[{'@type': 'ImageObject', 'contentUrl': 'https://tgtpimtsoch.sos-ch-dk-2.exoscale-cdn.com/catalog/7/4/e/9/74e9aeee09cfde9e68cbcff60cdb304807a511cb_250116_fh_sg_location_web__13__2.jpg'}];2025-05-17T07:59:08+02:00
5f33e642-c024-4471-8147-8293d9e68a48;Restaurant Schwanä dini Beiz;Das Restaurant Schwanä dini Beiz ist auf einem Bauernhof im Apfeldorf Altnau beheimatet. Passend zum ländlichen Ambiente der charmanten «Beiz» wird hier denn auch Bodenständiges und Urchiges zu sehr gutem Preis serviert. ;<p>Cordonbleu, hausgemachte «Chäschnöpfli» mit Apfelmus, Schwanä-Burger mit Schafsfleisch von den Hofschafen oder Salate mit selbst gebackenem Brot kommen im gemütlichen Restaurant Schwanä auf den Tisch – und zwar zu einem fast unschlagbaren Preis und serviert mit viel Herzlichkeit. Der landwirtschaftliche Betrieb, der zum Restaurant gehört, lädt Kinder zum Entdecken ein. In den Stallungen dürfen die Schafe besucht werden. Es stehen auch Stellplätze für Wohnmobile zur Verfügung.<br><br>Die ländliche Gegend um Altnau erfreut mit unzähligen Obstbäumen. Dem Apfel ist hier sogar ein Erlebnispfad gewidmet: der Altnauer Apfelweg. Der Schwanä liegt direkt an dessen Route. Auch per Kutschenfahrt kann der Apfelweg absolviert werden, wobei Ross und Wagen beim Schwanä-Team reserviert werden. Alternativ lässt sich die Gegend mit einem spannenden Outdoor-Escape Game, das Magische Portal, erkunden, das zwei Routen zur Auswahl bietet: die kleinere dauert eine Stunde, die grössere zwei Stunden.</p><p></p>;9.257399006594795;47.60682665;Herrenhoferstrasse 8;8595;Altnau;+41 71 695 18 16;rwmazenauer@gmail.com;https://www.schwanä.ch;[{'@type': 'ImageObject', 'contentUrl': 'https://tgtpimtsoch.sos-ch-dk-2.exoscale-cdn.com/catalog/8/5/5/6/8556e4c3f27c2588d58ab722d4ba207d334eb6d3_Aussenansicht__2_von_7_.jpg'}];2026-05-14T23:18:55+02:00
679203ce-81c2-4082-9801-5cd3e0cf6a34;Restaurant Pier;Das Restaurant Pier in Uttwil liegt direkt am Bodensee. Die facettenreiche Stimmung des Sees ist ein Genuss sowohl während den warmen als auch den kalten Jahreszeiten.;Ein kühler Drink oder ein heisses Getränk, eine kleine Zwischenmahlzeit oder ein gepflegtes Essen, im Restaurant Pier ist alles möglich. Zu den Spezialitäten gehören Felchenchnusperli, Hamburger, Diverse Salate und auch feine Weine. Eine sehr schöne Terrasse direkt am See mit einem Boots Steeg und schönen Sonnenuntergängen lädt zum Verweilen ein.
Mit dem Velo, Motorrad, Auto oder zu Fuss bei uns sind alle Gäste willkommen.


Im ersten Stock bietet das Restaurant einen mit allen technischen Hilfsmitteln ausgestatteten Sitzungs- und Tagungsraum für bis zu 25 Personen.;9.3429954;47.5859876;Seehofstrasse 11;8592;Uttwil;+41 71 463 74 62;info@pier-uttwil.ch;http://www.pier-uttwil.ch;[{'@type': 'ImageObject', 'contentUrl': 'https://tgtpimtsoch.sos-ch-dk-2.exoscale-cdn.com/catalog/a/c/b/5/acb568b21477453fddca67be10b9a72d4ace312a_Uttwil_Pier_Terrasse_1.jpg'}];2026-05-15T23:01:33+02:00
70d2b4d3-c124-4f0b-bd1a-67a74975f4a7;Bioweingut Lenz;Auf dem Bioweingut Lenz in Iselisberg im Thurgau kreiert und verkauft die Familie Lenz rund 40 verschiedene charaktervolle und innovative Bioweine. Die Weine werden nach biodynamischen und Delinat-Richtlinien produziert mit einem klaren Fokus auf Nachhaltigkeit.;Das Bioweingut Lenz gewinnt regelmässig Auszeichnungen und Preise für seine Bioweine. Diese können aber nicht nur bei Wettbewerben, sondern auch direkt auf dem Weingut in Iselisberg degustiert und gekauft werden.  Bei einer 1.5 stündigen Betriebsführung mit anschliessender Weindegustation erfahren die Gäste Interessantes über das Bioweingut, die Philosophie und das Nachhaltigkeitskonzept des Betriebes.

Für Gruppen bietet die Erlebniskellerei diverse Möglichkeiten: Betriebsrundgänge, geführte Degustationen oder Bankette im schönen Eventraum für bis zu 80 Personen.;8.8288048;47.5870214;Iselisberg 23;8524;Uesslingen;+41 52 746 13 86;info@weingut-lenz.ch;http://www.weingut-lenz.ch/;[{'@type': 'ImageObject', 'contentUrl': 'https://tgtpimtsoch.sos-ch-dk-2.exoscale-cdn.com/catalog/e/7/7/1/e771f976a2bb37d6fafb936f371878a95d41761b_Iselisberg_BioweingutLenz_oben.jpg'}];2026-05-16T00:06:29+02:00
7202273f-3a34-4537-9832-222394d2512e;DOCKeins Hafenbeiz;Das DOCKeins ist ein zwangloser und gemütlicher Treffpunkt in Arbon direkt am See. Hier werden Strandläufer, Sonnenanbeter, Seelebaumelnlasser, Sonnenunterganggeniesser, Seebären, Meerjungfrauen, Landratten, Rettungsschwimmer und Süsswasserpiraten verwöhnt.;Erfrischende Drinks, auserlesene Weine, ein kühles Bier, etwas Prickelndes ohne Alkohol! Oder doch lieber Kaffee oder Tee? Im DOCKeins findet man einiges gegen den Durst. Dazu erwarten die Gäste feine Kleinigkeiten: Schweizer Fischknusperli, verschiedene hausgemachte Dinkelschiffli oder ein Apéro-Plättli. Desserts, Glacées oder Schleckereien für die kleinen Gäste findet man natürlich auch. Sollte mal kein freies Plätzchen zu finden sein, das Food- und Drinkangebot gibt es auch «to go» - und das natürlich in ökologischem Einweggeschirr aus kompostierbarem Biokunststoff oder Reststoffen der Zuckerproduktion.;9.4380174;47.5138088;Hafenstrasse 1;9320;Arbon;071 440 00 76;hallo@dockeins.ch;https://dockeins.ch/;[{'@type': 'ImageObject', 'contentUrl': 'https://tgtpimtsoch.sos-ch-dk-2.exoscale-cdn.com/catalog/4/9/2/9/4929b09f28890850bf963182bf53c7318809a98b_IMG_2740.jpeg'}];2026-07-10T11:31:24+02:00
742a96e2-7aeb-4122-a081-48470b3f3f24;Billy&Bugga Artsy Chocolate Boutique & Café;Billy&Bugga Artsy Chocolate in Wiezikon bei Sirnach verbindet kunstvolle, handgemachte Schokolade mit award-winning Pralinés, Étagère Brunch, Chocolate Pairings und interaktiven Genuss-Workshops.;<p>Billy&amp;Bugga Artsy Chocolate ist eine Schweizer Schokoladenmarke, die handwerkliche Confiserie mit k&uuml;nstlerischer Gestaltung verbindet. Unter der Leitung der in Brasilien geborenen und in der Schweiz ausgebildeten Chocolati&egrave;re Juliana Hassler entstehen handgefertigte Premium-Schokoladenkreationen, award-winning Pralin&eacute;s, Confiserie-Spezialit&auml;ten sowie kreative Dessert- und Brunch-Konzepte. Charakteristisch sind mutige Geschmackskombinationen, hochwertige Zutaten und ein unverwechselbares &laquo;artsy Finish&raquo; mit lebendigen Farben und besonderen Texturen. Zum Angebot z&auml;hlen neben dem Boutique- und Caf&eacute;-Erlebnis auch Chocolate Tastings, Pairings, kuratierte Chocolate Experiences sowie der Signature-&Eacute;tag&egrave;re-Brunch. Die regionale Verankerung im Thurgau und das Engagement f&uuml;r nachhaltigen Kakao pr&auml;gen die Identit&auml;t von Billy&amp;Bugga. Taste the Art.</p>;8.9862248;47.4501173;Dorfstrasse 39;8372;Wiezikon bei Sirnach;+41 76 388 61 48;contact@billybugga.com;https://www.billybugga.com;[{'@type': 'ImageObject', 'contentUrl': 'https://tgtpimtsoch.sos-ch-dk-2.exoscale-cdn.com/catalog/9/b/8/c/9b8c7d34fb4122b89632f8131c1e86c7aa059baf_30_06_25_Billy_Bugga_Daily_pictures_WEB_001.jpg'}];2026-01-22T07:43:26+01:00
8d6e99e5-9c6a-4a7d-b638-928ed940945c;Weinbau Salathé;Seit Generationen widmet sich der Familienbetrieb Weinbau Salathé im Seebachtal auf 30 Aren dem Weinbau. Klein aber fein. Für die Gäste nimmt sich dieser Familienbetrieb viel Zeit damit ein Besuch zum Erlebnis wird.;Im Stadtschryber, dem bekanntesten Rebberg im Weinbaudorf Hüttwilen, reifen die Trauben durch sorgfältige Pflege zu bester Qualität. Der «Stadtschryber» mit seiner eleganten und noblen Art zeigt feine Fruchtaromen und überzeugt mit einem schönen und dichten Körper. 

Der Perlwein «Kiss me» und der «Blanc de Noir»  sind die perfekten Apérobegleiter. Auf Anmeldung werden Rebbergführungen, Oldtimertraktorfahrten durch Rebberge und Seebachtal, Degustationen und Apéros angeboten. Genuss ist das Betriebsmotto.;8.8743659;47.6066571;Oberes Steimürli 7;8536;Hüttwilen;+41 52 747 14 42;info@salathe-weinbau.ch;http://www.salathe-weinbau.ch;[{'@type': 'ImageObject', 'contentUrl': 'https://tgtpimtsoch.sos-ch-dk-2.exoscale-cdn.com/catalog/4/0/1/5/40151df2c2cc0fe6a024a4f60fff1f1a304af64a_F821F75E_4B5C_40B9_BF31_C9B5F854A1B0.jpeg'}];2026-05-16T00:06:30+02:00
92ccd7e9-da6a-4328-88d5-43225e0aed8d;Barfuss Brauerei;Die Barfuss Brauerei in Bürglen ist eine exklusive Brauerei mit historischer Eventlokalität und Barbetrieb jeweils am Donnerstag- und Freitagabend.
Direkt am Kanal und in unmittelbarer Nähe des Bahnhof gelegen, verwöhnt die Barfuss Brauerei ihre Gäste mit leckeren Craftbieren.;<p>Die Brauerei ist im alten Stellwerk, idyllisch am Bürgler Kanal gelegen. Es werden Führungen, Degustationen, Firmenessen und diverse Events rund um das Thema Bier angeboten. In der Brauerei finden regelmässig Veranstaltungen statt. Die Brauerei kann aber auch als Eventlocation für bis zu 90 Personen gebucht werden. Die selbstgebrauten Biere sind entweder im Onlineshop oder in diversen Spezialitätenläden erhältlich. Die Biersommelière beraten ihre Kunden gerne bei der Bierauswahl. Ab 24 Bieren können diese mit einer eigenen Etikette bestellt werden. <br>Der Name Barfuss Brauerei stammt übrigens nicht daher, dass der Brauer und sein Team ihre Biere barfuss brauen, sondern von den ersten Brauversuchen, die direkt am Barfussweg in Wuppenau stattgefunden haben.</p>;9.1173151;47.5167513;Industriestrasse 13;8575;Bürglen;+41 71 374 13 68;info@barfuss-brauerei.ch;http://www.barfuss-brauerei.ch/;[{'@type': 'ImageObject', 'contentUrl': 'https://tgtpimtsoch.sos-ch-dk-2.exoscale-cdn.com/catalog/7/3/6/3/7363b14302f584457d9aca3c688d4b97a62ce4de_DSCF1076__2.jpg'}];2025-12-15T11:22:18+01:00
9513334c-e24e-4cd7-bb5e-92b9c8385118;Restaurant Mühle – Kartause Ittingen;Das Restaurant Mühle in der Kartause Ittingen mit dem über hundert Jahre alten Mühlrad imponiert. Daneben lädt eine der schönsten Gartenwirtschaften der Ostschweiz zum Geniessen ein, prächtige Gärten mit über 1000 Rosenstöcken und einem Labyrinth zum Flanieren.;Über die Region hinaus bekannt sind die Produkte aus dem eigenen Gutsbetrieb. Die Bewirtschaftung erfolgt nachhaltig, umweltschonend und tierfreundlich. In den Weinbergen werden 10 verschiedene Traubensorten kultiviert, die Milch wird direkt vor Ort zu Käsespezialitäten verarbeitet. Selbstversorgung war für die Kartäusermönche eine Selbstverständlichkeit. Heute werden die Gäste kulinarisch verwöhnt, sei es im Restaurant oder im Klosterladen, wo über 200 Produkte aus eigenem Anbau präsentiert werden. Besonders zu empfehlen sind die kreativen 0-Kilometer-Gerichte.;8.8663322;47.5830331;Kartause Ittingen;8532;Warth-Weiningen;+41 52 748 44 11;info@kartause.ch;https://www.kartause.ch/de/restaurant/;[{'@type': 'ImageObject', 'contentUrl': 'https://tgtpimtsoch.sos-ch-dk-2.exoscale-cdn.com/catalog/c/4/9/c/c49cace30b33c2b37c97fe8a83e8dced6d8eed32_Reestaurant_M__hle__3_.jpg'}];2025-10-02T16:51:17+02:00
9c1ab804-ba7d-447e-a486-f9d792cc0519;Huberwein;Huberwein produziert mit viel Handarbeit und Schaffensfreude im Thurgau und Piemont eine schöne Palette von einzigartigen charakterstarken Weinen. Verschiedene Degustationsangebote, Hofladen und Weinbar in Götighofen laden ein, Weine und Hofgut zu entdecken. ;Huberwein ist ein nachhaltiges Familienunternehmen zwischen Weinfelden und Amriswil in Götighofen. Neben dem Standort im Thurgau gibt’s auch einen im Piemont. Im Thurgau bieten heimische Rebsorten die Grundlage für facettenreiche, geschmackvolle und einzigartige Thurgauer Weine. Im Piemont liegt der Schwerpunkt auf charakterstarken Rotweinen. Die Nachhaltigkeit behält die Familie bei ihrer Arbeit in zwei Ländern stets im Fokus. Viel Herzblut und Handarbeit fliessen ein. Gedüngt wird nur biologisch, auf Herbizid verzichtet. Wiesenblumen, Haselnuss oder Obstbäume blühen rund um den Thurgauer Rebberg und fördern die Biodiversität. In ansprechendem Ambiente degustieren Gäste in Götighofen die Huberweine. Gewählt wird zwischen verschiedenen mehr oder weniger umfangreichen Degustationsangeboten. Eine Weinbar, die jeden ersten Freitag im Monat abends öffnet, erfreut mit ausgewählten Weinen im Offenausschank und lässt Gäste in die Huberweinwelt eintauchen, kleines Apéro-Häppchen pro Glas inbegriffen.;9.206280112266542;47.53642784543936;Gutbertshausen 12;8583;Götighofen;+41 79 307 5868;info@huberwein.ch;https://www.huberwein.ch/;[{'@type': 'ImageObject', 'contentUrl': 'https://tgtpimtsoch.sos-ch-dk-2.exoscale-cdn.com/catalog/c/c/a/1/cca1aaa18da6d0a465df063e8080c9861d589eca_Huber_Wein_Mai_2023_510__2.jpg'}];2026-03-17T14:28:47+01:00
9cb2beb9-1a66-4bee-87c7-96724dfedb82;Gustav Kahn;Ein erlesenes Angebot an Grilladen, vegetarischen Spezialitäten und Salaten stillt den Hunger und exotisches Eis erfrischt den Gaumen. Unkompliziert, kreativ und schnell lädt das Speiseangebot aus der «Kombüse» zum Verweilen ein.;Gustav Gleis, Lokomotivführer und Weltenbummler, erfüllt sich seinen lang ersehnten Traum und erkundet neu auch mit seinem Kahn die Welt. 

Sein neues Zuhause hat Gustav liebevoll mit Souvenirs von seinen Reisen eingerichtet: Knallig farbige Vintage-Möbel aus Italien verbreiten auf dem Hafenplatz eine fröhliche Stimmung. Ein Gespür fürs Detail hat Gustav auch bei Gaumenfreuden. Ja, er ist ein nachhaltiger Feinschmecker. Eine gesunde und regionale Ernährung ist ihm so wichtig, dass er eigene Salate und Kräuter anpflanzt. Aber bei aller Regionalität bleibt er doch weltoffen: Auf Hawaii hat er die Zubereitung von köstlichen Poké Bowls erlernt, in Südamerika wurde er zum Grillspezialisten und die Briten haben ihn für Fish & Chips begeistert. Unterwegs in der Türkei befasste er sich mit Kaffeebrühen, und seit er in Spanien war, lebt er sein Flair für Cocktails aus. All diese Köstlichkeiten bereitet er für seine Gäste in seinem immer verlässlichen Kahn zu.;9.384310310857634;47.567691901761;Hafenstrasse 70;8590;Romanshorn;+41794072457;michel@miggroup.ch;https://www.gustavkahn.ch;[{'@type': 'ImageObject', 'contentUrl': 'https://tgtpimtsoch.sos-ch-dk-2.exoscale-cdn.com/catalog/6/5/d/c/65dcadb399004686d35e2818c4c6690fc31b1091_DSC_5026_Bearbeitet.jpg'}];2025-05-17T05:55:09+02:00
9d0f20b1-c95d-4bbe-b0d7-1a929f4ee6e4;Erlebnisweingut Burkhart - Thurgau Tourismuspreisgewinner 2022;Das Erlebnisweingut Burkhart ist kundennah, erlebbar und liegt direkt am Weinfelder Weinweg. Es bietet eine herrliche Aussicht über das Thurtal bis hin zu den Alpen. Nebst der Degustation von charakterstarken Weinen kann auch hinter die Kulissen geschaut werden.;<p>Das Erlebnisweingut Burkhart verf&uuml;gt &uuml;ber einen Rebberg von 8 Hektaren. Bei einem Rundgang mit dem Winzer durch Weinberg, Keller und anschliessender Degustation wird der Weinfelder Rebbau mit allen Sinnen erlebt. Das Eventgeb&auml;ude mit herrlicher Aussicht &uuml;ber den Rebberg bietet Platz f&uuml;r Ap&eacute;ros, Fest- und Firmenessen, Seminare sowie Workshops. Tradition, Innovation und Nachhaltigkeit stehen auf dem Weingut im Einklang mit Mensch und Natur, dies mitten im Thurgau. Das Weingut Burkhart in Weinfelden ist bei Gault Millau unter den besten 150 Weing&uuml;tern der Schweiz, im Vinum unter den Besten 200 gelistet und erhielt f&uuml;r das Jahr 2026 den Handwerkspreis von Best of Swiss Wine Tourism.</p>;9.1033572;47.5770368;Hagholzstrasse 7;8570;Weinfelden;+41 71 622 47 79;info@weingut-burkhart.ch;http://www.weingut-burkhart.ch/;[{'@type': 'ImageObject', 'contentUrl': 'https://tgtpimtsoch.sos-ch-dk-2.exoscale-cdn.com/catalog/2/f/d/e/2fdee0da7d7747d1cdf5276d8a954c872a4d66fa_IMG_0666.JPG'}];2026-07-25T15:17:18+02:00
a215c2e2-6b83-4bcf-bfca-e74763f75b81;Restaurant Krone am See;Modern, abwechslungsreich und regional. Das Restaurant Krone am See überzeugt mit seiner wunderbaren Lage am Hafen von Altnau, unkomplizierter Selbstbedienung auf der Sommerterrasse und hochwertiger Küche im eleganten À la Carte-Restaurant.;Das Restaurant Krone liegt im Thurgauer Apfeldorf Altnau direkt am Bodensee. Es ist aufgeteilt in zwei Teile. Drinnen erwartet Gäste ein stilvolles Fine Dining Restaurant mit moderner Küche, wo viele regionale Produkte einfliessen, und auch kreative vegetarische und vegane Gerichte dazu gehören. Die Weinkarte glänzt mit exzellenten Weinen aus dem Thurgau, aber auch aus der Schweiz und Europa. Der zweite Teil draussen heisst «Krone Easy». Dies ist eine gesellige Sommerterrasse mit einfachen Menus in Selbstbedienung oder für Take Away. Hier können Bestellungen vor Ort, online vom Altnauer Badestrand grad nebenan oder gar vom Boot aus gemacht und abgeholt werden. Beide Teile der Krone, Restaurant und Terrasse, haben eins gemein: die wunderbare Seesicht. Die Krone ist zudem ein idealer Start- oder Endpunkt für Ausflüge um und über den Bodensee. Oberhalb des Dorfes startet der Altnauer Apfelweg, ein Themenweg über das rotbackige Früchtchen, für das der Thurgau so bekannt ist.;9.2675946;47.6226731;Hafenstrasse 11;8595;Altnau;+41 71 695 19 12;kontakt@krone-altnau.ch;https://www.krone-altnau.ch/;[{'@type': 'ImageObject', 'contentUrl': 'https://tgtpimtsoch.sos-ch-dk-2.exoscale-cdn.com/catalog/c/c/b/9/ccb97cf9576d852a1ca4c7a5e1aa5f5c99fdaf4c_Restaurant_Krone_240624_038.jpg'}];2025-09-01T11:48:58+02:00
a777068e-2359-4194-bf44-670017c7f86c;Restaurant Linde;Das Restaurant Linde in Roggwil bietet eine feine bodenständige, Schweizer Küche. Das heimelige Ambiente sowie die Gastlichkeit, die gelebt wird, überzeugt jeden.;Im Bistro werden den Gästen einfachere Gerichte für den kleinen Hunger serviert. Der lauschig-schattige Garten bietet im Sommer zusätzlichen Platz zum Verweilen und Geniessen.

Das Bier wird von der huus-braui aus Roggwil bezogen. Von den unfiltrierten Bierspezialitäten sind jeweils mindestens drei Sorten im Offenausschank erhältlich. Zwei Mal jährlich findet zudem der Anlass «Bier und so» statt. Zu jedem der sieben Gänge wird ein passendes Bier serviert. Ein echter Tipp für Bierfans und Geniesser!;9.398261200000004;47.502164050000005;Sankt Gallerstrasse 46;9325;Roggwil;+41714551204;tobler@linde-roggwil.ch;http://www.linde-roggwil.ch/;[{'@type': 'ImageObject', 'contentUrl': 'https://tgtpimtsoch.sos-ch-dk-2.exoscale-cdn.com/catalog/5/0/5/d/505dfaffa71859272b0c2930764fb73d07bbe3f2_131_garten_und_restaurant_linde_roggwil_2021.jpg'}];2026-08-01T14:43:07+02:00
a90b0978-6c7b-43e6-9558-0d17632fc354;US-MEX Schaffhausen;In der Fussgängerzone der Schaffhauser Altstadt liegt das Restaurant US-MEX. Lange Öffnungszeiten, grosse Portionen, günstige Preise und eine unkomplizierte Atmosphäre zeichnen dieses Restaurant aus.;In der Fussgängerzone der Schaffhauser Altstadt liegt das Restaurant US-MEX. In einer unkomplizierten Atmosphäre begrüssen die Gastgeber die Gäste an 365 Tagen im Jahr. Es verfügt über 200 Sitzplätze inkl. Wintergarten. An warmen Tagen kommt eine grosszügige Terrasse und ein charmanter Innenhof dazu. 

Die US-MEX Speisen zeichnen sich aus durch eigene Interpretationen und Kreationen aus der mexikanischen und amerikanischen Küche. Frische und Qualität sind genauso wichtig wie faire Preise und angemessene Portionen. Ob ein kleiner Snack zwischendurch, ein Lunch mit Arbeitskollegen oder ein Dinner mit deinen Liebsten  – wanna eat? Go US-MEX!;8.6361913;47.6960895;Vordergasse 43;8200;Schaffhausen;+41 52 649 40 40;schaffhausen@usmex.ch;http://www.usmex.ch/;[{'@type': 'ImageObject', 'contentUrl': 'https://tgtpimtsoch.sos-ch-dk-2.exoscale-cdn.com/catalog/0/1/d/d/01dd698f3da9a9f3ce2ca34babb9e2209f9ab9ae_180126_USM_SH_Restaurant_059.jpg'}];2026-01-17T07:59:47+01:00
bb79a276-4f55-46f0-a520-76f66d139b1d;Stella Bernrain;Stella Bernrain realisiert in Kreuzlingen aus kreativen Ideen hochwertige, ganz auf die Wünsche der Kunden ausgerichtete Schokoladespezialitäten.;Das unabhängige und weltweit ausgerichtete Familienunternehmen stellt Produkte für private Labels sowie die Marken Bernrain und Stella her. Das Unternehmen legt grossen Wert auf Nachhaltigkeit sowohl beim Rohstoffeinkauf als auch in der Produktion. Ausserdem bekennt es sich ohne Einschränkungen zum Produktionsstandort Schweiz.

Im Fabrikladen «SchokoLaden» und dem integrierten Café Stella können Schoko-Liebhaber sich von all den Köstlichkeiten direkt ab Produktion verführen lassen. Die Auswahl ist gross und lässt keine Wünsche offen, Tafelschokoladen nach jedem Gusto, feinste Pralinés und Saisonspezialitäten. Wer mehr erleben möchte, darf sich auf weitere Highlights freuen: Im Schokoladen verwandeln sich Gäste in Chocolatiers und veredeln ihre Bio-Schokolade mit den eigenen Lieblingszutaten. Wer mehr über die Schokoladenherstellung erfahren möchte, stillt seine Neugier einfach bei einem Blick in die Produktion.;9.1617545;47.6422824;Bündtstrasse 12;8280;Kreuzlingen;+41 71 677 93 77;sales@swisschocolate.ch;https://www.stellabernrain.ch/de;[{'@type': 'ImageObject', 'contentUrl': 'https://tgtpimtsoch.sos-ch-dk-2.exoscale-cdn.com/catalog/6/b/0/c/6b0c6e7ba567fe8bfce51d1b28cf9ee8c3711184_2021_Logo_auf_Schokoturm.jpg'}];2026-03-19T13:27:43+01:00
bf4baa36-ad81-4ec8-9e54-417b9dcf8542;US-MEX Weinfelden;In einer ungezwungenen Atmosphäre werden die Gäste im US-MEX Restaurant Weinfelden, direkt gegenüber vom Kino, begrüsst. Serviert werden US-Mexikanische Speisen zu fairen Preisen an 365 Tagen im Jahr.;Eintreten und das Leben geniessen! Das im US-Mexikanischen Stil dekorierte Restaurant mit einer grosszügigen Sonnenterrasse lässt Urlaubsgefühle aufkommen. Die US-MEX Speisekarte bietet Klassiker und eigene Kreationen aus der mexikanischen und amerikanischen Küche, die durch geschmackliche Vielfalt, Frische und Qualität überzeugen. Es werden angemessen Portionen zu fairen Preisen serviert.

Ob für einen Besuch mit der Familie, einen Lunch mit Arbeitskollegen oder ein Dinner mit Freunden – wanna eat? GO US-MEX!

US-MEX Restaurants gibt es mittlerweile an vier Standorten: Frauenfeld, Schaffhausen, St. Gallen und Weinfelden. Von April bis September auch direkt am See, US-MEX Terraza Strandbar in Steckborn und ab 2021 in Kreuzlingen.

;9.1258333;47.5628599;Amriswilerstrasse 57;8570;Weinfelden;+41 71 626 30 09;weinfelden@usmex.ch;https://www.usmex.ch/;[{'@type': 'ImageObject', 'contentUrl': 'https://tgtpimtsoch.sos-ch-dk-2.exoscale-cdn.com/catalog/7/a/c/d/7acd8fbb17c940c394485c28f011d899de1726b8_Weinfelden_US_Mex_Restaurant.jpg'}];2025-06-06T15:49:31+02:00
d348bb7e-577f-4c37-9b08-978051324476;TIKI Strandbar Goldach;Die TIKI Strandbar Goldach befindet sich direkt am Bodensee. Auf der Terrasse kann auf den gemütlichen Sonnenbetten und bei Chill-out-Musik kühle Drinks und feine Grilladen genossen werden. Somit wird jeder Sommerabend zu einem bleibenden Erlebnis.;<p>TIKI gehört zu einer der schönsten Strandbars der Deutschschweiz. Auch die Mojito’s und Burger zählen zu den Besten am Bodensee. Die TIKI Strandbar liegt direkt beim Hafen Goldach und ist während der Sommersaison, von April bis September, jeden Tag bei schönem Wetter offen. Die gemütlichen Sonnenbetten und rustikalen Holzmöbel im Vintage-Look schaffen eine einzigartige Atmosphäre und bieten viele verschiedenen Sitz- und Liegeflächen. Die Strandbar ist der perfekte Ort für unvergessliche Momente, neue Bekanntschaften und atemberaubende Sonnenuntergänge.</p>;9.4790537;47.4828408;Seepromenade;9403;Goldach;071 440 00 76;contact@tikistrandbar.ch;https://tikistrandbar.ch/;[{'@type': 'ImageObject', 'contentUrl': 'https://tgtpimtsoch.sos-ch-dk-2.exoscale-cdn.com/catalog/a/7/6/4/a764b559d188be033c071d76fbfbff24d4dad77f_MMZL2008.jpg'}];2026-03-17T11:55:12+01:00
d3f7deac-7eb3-42f0-abdd-df386545d68f;Haag Weine - Vinothek;Seit Generationen beschäftigt sich die Familie Haag mit dem Weinbau. Nicole und Urs Haag führen den Familienbetrieb mit 12 ha Tafelobst und 4 ha Weintrauben im Herzen von Hüttwilen. Die Weinhandwerk, welche Haags zusammen mit 3 Berufsollegen führen, übernimmt die Kelterterung.;Die charmant eingerichtete Vinothek Haag, umgeben von den 400 Jahre alten Mauern, lädt am Freitag und Samstag oder nach Vereinbarung zum Einkaufen und Degustieren ein. Mit 30 Plätzen bietet sie ideale Möglichkeiten für Gruppendegustationen, Apéros und andere Festivitäten. Nicole Haag, als passionierte Gastgeberin, organisiert Anlässe individuell und persönlich. Die Vinothek ist die ideale Räumlichkeit für besondere Anlässe in schönem Ambiente. 

Im Weinbau setzt die Familie Haag alles daran, aus gesunden, reifen Trauben klare und authentische Weine hervorzubringen. Auf 4 ha pflegt die Familie Haag sechs verschiedene Traubensorten: Müller-Thurgau, Cabernet Blanc, Sauvignon Blanc, Pinot Gris, Pinot Noir und Zweigelt. Sortenreine, klar strukturierte Weine, Innovation aber auch viel Passion, Begeisterung und Herzblut für das Handwerk zeichnet die Winzerfamlie aus. Tipp: Degustieren Sie Nicole's Lieblingswein, den Goldgrüebli bei Ihrem nächsten Besuch.;8.869737775940624;47.60669985;Zehntenstrasse 6;8536;Hüttwilen;+41 52 747 24 72;info@haag-weine.ch;http://www.haag-weine.ch/;[{'@type': 'ImageObject', 'contentUrl': 'https://tgtpimtsoch.sos-ch-dk-2.exoscale-cdn.com/catalog/7/e/c/9/7ec9d0bddc5b31597dd60ef1dce1c8774acb5b69_Huettwilen_Haa_gWeine_Portrait.jpg'}];2026-05-16T00:06:34+02:00
d894442d-0090-428f-9c8f-624c48664144;Seerestaurant Buchhorn;Direkt am schönen Bodensee gelegen bietet das Seerestaurant Buchhorn in Arbon den richtigen Platz zum Verweilen. Am liebsten möchte man den leicht erhöhten Aussichtsplatz der Terrasse gar nicht mehr verlassen. Das ist Sommerfeeling pur.;<p>Mit viel Engagement wird das Seerestaurant Buchhorn im Strandbad Arbon betrieben. Neben der Speisekarte sorgen die täglich wechselnden Mittagsmenüs für Abwechslung auf dem Esstisch und der vielfältigen Auswahl am Buffet kann niemand widerstehen. Zur Spezialität des Hauses gehören die feinen Fischknusperli in würziger Kräuterpanade sowie der unverwechselbare Buchhorn-Burger. Das Restaurant Buchhorn in Arbon erfrischt auch als vielseitige Anlage für Feste. Neben dem täglichen Betrieb ist das Seerestaurant Buchhorn auch die perfekte Bühne für gediegene, festliche Begegnungen jeglicher Art. Es gibt wenige Orte, die sich für ein Fest so ideal eignen wie dieses einzigartige Bijou. Direkt am See gelegen lässt es sich auf vielfältige Weise bespielen. Das Seerestaurant Buchhorn ist ein tolles Ausflugsziel und liegt an diversen Velo- und Wanderwegen.</p>;9.418526964195179;47.5265206;Philosophenweg 11;9320;Arbon;+41 71 446 17 60;office@seerestaurant-buchhorn.ch;https://seerestaurant-buchhorn.ch;[{'@type': 'ImageObject', 'contentUrl': 'https://tgtpimtsoch.sos-ch-dk-2.exoscale-cdn.com/catalog/e/b/a/9/eba92eeb2821330ebbec02b61388f74dca5694eb_Arbon_Restaurant_Strandbad_Buchhorn_Aussicht.jpg'}];2026-08-01T04:03:20+02:00
e0ac20d6-f7f9-4cac-a1f5-aef1c3a8e667;Restaurant Tannzapfe – mehr als ein Restaurant;Das Restaurant Tannzapfe in Dussnang steht für eine geschmackvolle, regionale und saisonale Küche mit innovativem Kartenkonzept. Es ist bei Touristen und Einheimischen genau so beliebt wie bei Klinikgästen.;Das gepflegte Restaurant mit Gartensitzplatz (in den Sommermonaten) bietet täglich wechselnde Mittagsmenüs sowie innovative À-la-carte-Angebote. Ganz im Sinne von Pfarrer Sebastian Kneipp werden nebst den Klassikern des Hauses auch vollständig vegetarische Gerichte angeboten, die je nach persönlichem Geschmack individuell mit hochwertigem Fleisch oder Fisch aus der Region ergänzt werden können. Mit Liebe zum Detail richtet die Küchenmannschaft jeden Teller individuell an und die zuvorkommende Gastgebermentalität des Serviceteams rundet das Besuchserlebnis ab. 

Das Restaurant ist Teil der modernen Rehaklinik Dussnang, welche neben den zeitgemässen medizinischen Therapien auch für seine Kneipp-Angebote bekannt ist.

Tipp: Die legendären hausgemachten Cremeschnitten gelten als die besten der Alpennordseite. Noch heute werden sie nach altem Geheimrezept der Klosterfrauen täglich frisch zubereitet. Sie sind sowohl in Normalgrösse als auch im Miniformat und zum Mitnehmen erhältlich.;8.9635126;47.4300691;Kurhausstrasse 34;8374;Dussnang;+41 71 978 60 61;info@rehaklinik-dussnang.ch;https://www.restaurant-tannzapfe.ch;[{'@type': 'ImageObject', 'contentUrl': 'https://tgtpimtsoch.sos-ch-dk-2.exoscale-cdn.com/catalog/8/1/2/0/8120e208637ab9a9e593e7e8ae38b58d5d6a6f07_KlinikDussnang_AMMANN_20220906_587.jpg'}];2025-06-06T15:48:51+02:00
e9889a9c-034a-4747-a3a2-44ef49d838b4;Landgasthof Wartegg;Der Landgasthof Wartegg in Wigoltingen befindet sich fernab vom hektischen Alltag der Stadt und ist dennoch hervorragend an den Verkehr angeschlossen. Kulinarisch werden die Gäste mit kreativen Gerichten aus regionalen Zutaten verwöhnt.;<p>Der in zweiter Generation geführte Familienbetrieb lebt das Gastgeben mit Leib und Seele. Das spürt man, sobald die Türen geöffnet werden. Tradition und Moderne werden im historischen Gasthof geschmackvoll verbunden. Wer heimelige Räumlichkeiten, Individualität und Genuss miteinander verbinden will, liegt hier goldrichtig. Mit seiner kreativen Küche begeistert Christoph Frei seine Gäste stets aufs Neue. Die Speisekarte wartet mit saisonalen Überraschungen auf. Die Grundlagen für die Zufriedenheit der Gäste wird bereits bei der bewussten Auswahl der regionalen Produkte gelegt. Und seine Leidenschaft für edle Tropfen, drückt Christoph Frei in einer ausgewählten Weinkarte aus. Ob private Feierlichkeiten, genussvolle Diners oder erfolgreiche Geschäftsmeetings – vier verschiedene, charmante Räume bieten für jeden Anlass die richtige Atmosphäre. Die modernen, hellen Hotelzimmer laden zum Übernachten im Herzen des Thurgaus ein.</p>;9.0138914;47.5885859;Müllheimerstrasse 3;8554;Wigoltingen / Hasli;0527700808;info@landgasthof-wartegg.ch;http://www.landgasthof-wartegg.ch/;[{'@type': 'ImageObject', 'contentUrl': 'https://tgtpimtsoch.sos-ch-dk-2.exoscale-cdn.com/catalog/7/4/d/7/74d719fe16cfe0230f0a1acb152ab1ab58900adf_Computerformat_4_3_Wigoltingen_Landgasthof_Wartegg_Aussenansicht.jpg'}];2026-03-17T09:20:21+01:00
f1182eb6-4631-4cf8-813c-6eecb64b5d55;Gasthof Eisenbahn;Der Gasthof Eisenbahn ist ein Familienbetrieb im Herzen des schmucken Weinbauerndorfes Weinfelden. Es ist optimal gelegen, in Blickweite zum Bahnhof. Der ideale Ort um sich zu treffen, etwas zu besprechen, zu geniessen und zu übernachten.;Der heimelige Gasthof bietet seinen Gästen modern renovierte, lichtdurchflutete Zimmer mit schlichter, schöner Einrichtung. Die Liebe zum Detail bescheren den Gästen einen Aufenthalt zum rundum wohlfühlen und entspannen. Der Gasthof eignet sich durch seine zentrale Lage für Geschäftsreisende wie Feriengäste gleichermassen.

Die Küche im Gasthof Eisenbahn ist saisonal und regional, Thurgauer Gemüse, Fleisch und Wein, als besondere Spezialitäten «Thurgauer Waldforelle» und «Wild» aus einheimischer Jagd kommen auf den Tisch. Mit Liebe und «Gilde-Manier» zubereitet, nach einheimischen Rezepten, entstehen aus den besten Zutaten überraschende Gerichte.

Das Familienzimmer Schlossblick verfügt über eine Kindernische (140x140cm) und ist geeignet für Kinder bis 8 Jahre.;9.107957;47.5658956;Bahnhofstrasse 2;8570;Weinfelden;+41 71 622 10 60;info@gasthof-eisenbahn.ch;http://www.gasthof-eisenbahn.ch/;[{'@type': 'ImageObject', 'contentUrl': 'https://tgtpimtsoch.sos-ch-dk-2.exoscale-cdn.com/catalog/d/6/a/f/d6afe6749e940be6f159d29113d053eaa526548c_Weinfelden_Eisenbahn_Weinkeller_Depot.JPG'}];2025-05-17T08:36:42+02:00
f72f4178-dd2e-46a8-b7c7-08da92862c30;Saurer Garten;Im «Garten» des Saurer Museums befindet sich der Saurer Garten, eine stimmungsvolle Freiluftbar in Arbon direkt am Bodenseeufer. Neben wunderbarer Seesicht erfreut sie mit qualitativ hochwertigen und kreativen Drinks und einem ausgebauten alten Saurer Postauto als Schlechtwetteralternative. ;Die Mischung aus urbanem Ambiente des ehemaligen Industrieareals dahinter und der Arboner Seepromenade davor, machen den Saurer Garten zu einem Lieblingsplatz. Gäste erfreut ein breites und schönes Angebot an Getränken. Vom Morgenkaffee bis zum Apéro und erfrischenden Drinks ist hier alles zu haben. Daneben bietet der Foodtruck Feines zum Naschen. Für Kinder ist ein Sandkasten zum Spielen aufgestellt. Das Industriegebäude hinter dem Garten beherbergt das Saurer Museum. Dieses zeigt die eindrucksvolle Geschichte der Adolf Saurer AG, die lange Zeit bedeutendste Schweizer Herstellerin von Lastwagen und später auch von Textilmaschinen war. Produziert wurde unter anderem am Ort, der heute das Museum beherbergt. Ein Fahrzeug aus der Saurer Erfolgsgeschichte steht denn auch stimmungsvoll im Saurer Garten – ein umgebautes Postauto. Höhepunkt für Kinder: es darf auf dem Fahrersitz Platz genommen werden. Der alte Saurer Bus lässt sich für geschlossene Gesellschaften mieten oder bietet Platz für den Drink und die Apéroplatte bei zweifelhaftem Wetter. Events wie Kindergeburtstage, ein Fondueplausch oder eine private Musiksession werden gerne ausgerichtet. ;9.437921047210693;47.517494214567634;Weitegasse 8;9320;Arbon;+41 76 203 64 66;info@saurergarten.ch;https://www.saurergarten.ch;[{'@type': 'ImageObject', 'contentUrl': 'https://tgtpimtsoch.sos-ch-dk-2.exoscale-cdn.com/catalog/b/b/c/7/bbc7d82c81d617336eb3329efab3f4c7a47a90bc_IMG_1337.jpeg'}];2026-03-17T11:58:29+01:00
fa9df1d9-d504-4b3d-9b48-bf340d3664f6;Mosteria Bussinger;Die Mosteria Bussinger ist ein Event-Lokal und Verkaufsladen in Hüttwilen, mitten im schönen Seebachtal. Das kleine Familienunternehmen bietet ganzjährig spannende Führungen durch die Mosterei mit anschliessender Degustation der Most- und Ciderspezialitäten an.;Die Mosterei Bussinger besteht seit 1955 und ist seither ein Familienunternehmen. Neben der Mosterei führt der Familienbetrieb einen Verkaufsladen, bietet Betriebsführungen an und stellt eine Fläche für Events und Degustationen zur Verfügung. 

Im Eventbereich werden unbeschwerte Feste gefeiert. Die Familie Bussinger geht gerne auf die Wünsche der Gäste ein. Die Mosteria bietet Platz für 40 Personen und hat eine überdachte Terrasse für ungefähr 20 Personen.

Der Verkaufsladen bietet verschiedene Apfel- und Most-Spezialitäten an. Ein spezieller Hingucker sind die Produkte aus der Apfelsorte «Red Love». Die Getränke können in gemütlicher Atmosphäre degustiert werden. Es werden auch gerne individuelle Geschenke zusammengestellt.

Für Gruppen ab zehn Personen werden Führungen durch die modern eingerichtete Mosterei angeboten. Anschliessend werden die beliebten Most- und Ciderspezialitäten von Bussingers in der Mosteria degustiert.;8.8678717;47.6089177;Im Letten 14;8536;Hüttwilen;+41 52 747 16 35;info@mosteria.ch;https://mosteria.ch/;[{'@type': 'ImageObject', 'contentUrl': 'https://tgtpimtsoch.sos-ch-dk-2.exoscale-cdn.com/catalog/f/1/7/6/f1761fc05c00c6b645991d506ba7a4282c2db1e9_Huettwilen_Mosterei_Bussinger_4.jpg'}];2025-06-16T20:35:26+02:00
fd00ea7f-4e33-491a-a97f-47f468bf2757;Wirtschaft zum Frohsinn Landschlacht;Die Wirtschaft Frohsinn in Landschlacht liegt ländlich in einem wunderschönen 200-jährigen Riegelhaus oberhalb des Bodensees. Sie überzeugt mit herzlicher Gastfreundschaft und traditioneller, währschafter und qualitativ hochwertiger Schweizer Küche. ;In der Wirtschaft zum Frohsinn in Landschlacht werden in urgemütlichem Ambiente vielfältige Schweizer Saison- und Grillspezialitäten serviert. Das Geschnetzelte mit Rösti etwa ist ein Höhepunkt auf der Speisekarte, aber auch die Grilladen überzeugen. In dem altehrwürdigen Reigelhaus in Landschlacht steht ein Meister am Grill. Hervorragende Qualität wird hier auf den Punkt gebraten. Fleischliebhabende kommen im Frohsinn also auf ihre Kosten. Aber auch die mit viel Leidenschaft gekochten vegetarischen Speisen, der familiäre und zuvorkommende Service, die vernünftigen Preise und das urgemütliche Ambiente erfreuen die Gäste. Im Sommer spendet die Plantane auf dem Gartensitzplatz Schatten und angenehm kühle Temperaturen.  

Eine vorgängige Reservation im oft ausgebuchten Restaurant wird empfohlen. ;9.2480474;47.6246928;Vorderdorfstrasse 16;8597;Landschlacht;0716951175;frohsinn.landschlacht@bluewin.ch;https://thurgau-bodensee.ch/de/maps/wirtschaft-zum-frohsinn-fd00ea7f-4e33-491a-a97f-47f468bf2757.html;[{'@type': 'ImageObject', 'contentUrl': 'https://tgtpimtsoch.sos-ch-dk-2.exoscale-cdn.com/catalog/9/9/0/d/990d45b28fca1b2f6a5eff4d2100026acf41668c_Landschlacht_Frohsinn_Aussenansicht.jpg'}];2025-06-06T15:28:19+02:00
ff92ed64-5612-4226-a2eb-5ba6bb66e35c;Badi Beiz Strandbad Ermatingen;Das idyllisch am Bodensee gelegene Strandbad Ermatingen bietet Erholung inmitten herrlicher Natur. Ein besonderes Highlight ist die charmante Badi Beiz, die direkt am Wasser mit kulinarischen Köstlichkeiten verwöhnt.;<p>Das Strandbad Ermatingen besticht durch seine ruhige Lage und den direkten Zugang zum Bodensee und ist der ideale Ort f&uuml;r erholsame Stunden am See. Eingebettet in die herrliche Natur l&auml;dt es zum Schwimmen, Sonnenbaden oder einfach zum Entspannen ein. Die Badi Beiz, ein gem&uuml;tlicher Kiosk, rundet das Erlebnis ab: Hier geniessen die G&auml;ste erfrischende Getr&auml;nke und regionale K&ouml;stlichkeiten. Der Blick auf den See und die entspannte Atmosph&auml;re machen die Badi Beiz zu einem beliebten Treffpunkt. Ein besonderer Tipp: Den Tag bei Sonnenuntergang in dieser traumhaften Kulisse ausklingen lassen. Regelm&auml;ssige Live-Musik-Anl&auml;sse sorgen zus&auml;tzlich f&uuml;r stimmungsvolle Abende und in den Wintermonaten bietet ein Pop-up-Restaurant im beheizten Zelt gem&uuml;tliche Stunden direkt am See.<br><br>Die Badi Beiz ist in der Regel w&auml;hrend den &Ouml;ffnungszeiten des Strandbades ge&ouml;ffnet.</p>;9.0729008;47.6714048;Westerfeldstrasse 48;8272;Ermatingen;+41 79 8544467;trivion@gmx.ch;https://www.badi-ermatingen.ch;[{'@type': 'ImageObject', 'contentUrl': 'https://tgtpimtsoch.sos-ch-dk-2.exoscale-cdn.com/catalog/3/b/7/1/3b71f7f546c6bfb848de5cd25f631c6dc86daf34_c5a4591fc78115b5ec5a315bd206132b9d372271_steg.jpg'}];2026-03-17T11:56:18+01:00
