id;name;disambiguatingDescription;description;longitude;latitude;streetAddress;postalCode;addressLocality;telephone;email;url;image;dateModified05b4fb3c-a047-48b3-884c-0722751b9c70;Veloverleih Regivelo.ch;Die Region Kreuzlingen vor der Kulisse des Bodensees bequem und ökologisch erkunden: Das geht mit dem honiggelben Regivelo an 20 Vermietstationen. ;Rund 80 Regivelos sind in der Region Kreuzlingen unterwegs: In den Gemeinden Bottighofen, Kreuzlingen, Lengwil, Münsterlingen und Tägerwilen können sie an 20 Stationen ausgeliehen und wieder abgestellt werden. Die Mietstationen sind so positioniert, dass sich die Fahrten auf den honiggelben E-Bikes und Fahrrädern optimal mit dem öffentlichen Verkehr verbinden lassen. Das Mieten der Regivelos funktioniert über das System von Donkey Republic, das bereits in anderen Schweizer Städten erfolgreich im Einsatz ist. Einloggen, mieten und auf zu Entdeckungen in der Bodenseeregion.;9.174692430236657;47.6485486;Hauptstrasse 62;8280;Kreuzlingen;+41 71 688 83 86;info@regivelo.ch;https://www.regivelo.ch;[{'@type': 'ImageObject', 'contentUrl': 'https://tgtpimtsoch.sos-ch-dk-2.exoscale-cdn.com/catalog/0/f/0/8/0f081b284e1ef9f87b2a149ccc8d9201e20161db_2_ekke_fuchs_regivelo.jpg'}];2025-11-04T08:24:23+01:00
06ac682f-23ad-431f-8c66-eb71c2704f81;Strähl Käse;Dank dem Innovationsgeist von Paul Strähl sen. und der unternehmerischen Energie der Nachfolgegenerationen der Familien Strähl und Holenstein, ist die Strähl Käse AG heute ein unabhängiges Familienunternehmen.;Was 1934 als Einmann-Betrieb begonnen hatt, entwickelte sich bis heute zu einem dynamischen Familienunternehmen mit rund 70 Mitarbeitenden. Das handwerkliche Geschick steht im Vordergrund, wenn es darum geht, die verschiedenen Käse-Spezialitäten mit aufwändiger Pflege zum optimalen Reifegrad zu begleiten. Die meisten Käsesorten kennt man weit über die Kantonsgrenze. Kein Wunder, denn täglich werden im kleinen Dorf bis zu 150'000 Liter Thurgauer Kuhmilch zu feinem Käse verarbeitet.

Produkte
Die ältere Generation erinnert sich noch an den «Strähl-Chäs» – so nannten die Thurgauer den grünen Tilsiter. Heute trifft man in fast allen guten Käsevitrinen auf viele weitere Spezialitäten mit Namen wie Thurgauer Rahmkäse, Echter Thurgauer, Bonaparte, Bonapepe, Arenenberger, Farmer, Landrauchkäse, Valbella Kümmelkäse oder ausgezeichneter Raclette-Käse in 4 Sorten.;9.1676012;47.6109626;Bahnhofstrasse 1;8573;Siegershausen;+41 71 678 11 11;info@straehl.ch;https://www.straehl.ch;[{'@type': 'ImageObject', 'contentUrl': 'https://tgtpimtsoch.sos-ch-dk-2.exoscale-cdn.com/catalog/8/4/3/8/84386785380514f095364e74965596f293661bfb_Str__hl_K__se_AG_K__sekeller_mit_Person.jpg'}];2026-03-19T14:08:21+01:00
09479141-0244-487e-9f23-c0da708aea60;Biotta ;Biotta ist eine Saftmanufaktur in Tägerwilen. Der Schweizer Bio-Pionier steht seit über 65 Jahren für einen respektvollen Umgang mit Mensch und Natur und Saftkreationen vom Feinsten.;In der Biotta Saftmanufaktur im Thurgauischen Tägerwilen werden direkt gepresste, naturbelassene Säfte und Smoothies hergestellt. Dabei stehen die biologische Ausrichtung, hohe Qualitätsstandards und der Genuss im Vordergrund. Wenn immer möglich, bezieht Biotta seine Rohstoffe von lokalen Bauern. Mit den Anbaupartnern in der Region aber auch im Ausland werden langjährige und vertrauensvolle Beziehungen gepflegt. Ergebnis sind geschmackvolle gesunde Frucht- und Gemüsesäfte, Smoothies, Shots und gar eine natürliche Alternative von Energydrink. 

Vom Feld in die Flasche und in die Verkaufsregale von Schweizer Supermärkten und Drogerien. Die leckeren Biottasäfte sind auch in diversen Online-Shops erhältlich.;9.138273;47.655565;Pflanzbergstrasse 8;8274;Tägerwilen;+41 71 466 48 39;daniela.schoenenberger@biotta.ch;https://biotta.ch/de/;[{'@type': 'ImageObject', 'contentUrl': 'https://tgtpimtsoch.sos-ch-dk-2.exoscale-cdn.com/catalog/a/5/1/f/a51f3e34e29976cafd79a7fd9fb75648c9f03f0e_Biotta_Vita_7.png'}];2026-03-19T14:07:35+01:00
0cfb782f-a7b1-4fc6-915a-466e0467fd27;Tank & Trank ;Der Familienbetrieb Tank & Trank an der Hauptstrasse in Mammern ist Tourismus Info-Point, Kiosk, Tankstelle, Getränke- und Lebensmittelhandel und E-Bike-Ladestation in einem. Im selbstbedienten Stübli schmökern Gäste durch Prospekte der Region und pausieren zum Znüni. ;Tank & Trank in Mammern am Bodensee ist ein reich bestückter Tankstellenshop der besonderen Art. Neben einem breiten Sortiment an täglichen Gebrauchsartikeln, Getränken und Lebensmitteln finden sich hier auch Leckereien aus der Region wie täglich frisches Brot vom Beck, die zarten Caramelhäppli «Mürbel» oder der fruchtig frische alkoholfreie Apfelschaumwein Tröpfel. Der Familienbetrieb in dritter Generation gibt während seiner Kiosk-Öffnungszeiten gerne Ausflugs- und Erlebnistipps für Mammern und die Unterseeregion. Ausserhalb der Öffnungszeiten steht ein Info-Point für touristische Auskünfte zur Verfügung. Leere E-Bike-Akkus können hier für 50 Rappen geladen werden. Eine Lounge neben dem Haus und ein Stübli laden währenddessen zum Verweilen, Stöbern und zum Znüni oder Zvieri ein. Im Stübli liegen weitere Prospekte der Region auf sowie Geschenkartikel als Mitbringsel für den Besuch. Tank & Trank ist auch Gasdepot und Swisslos-Verkaufsstelle. ;8.913481;47.644822;Hauptstrasse 13;8265;Mammern;+41 52 741 44 44;tankundtrank@bluewin.ch;https://www.tankundtrank.ch;[{'@type': 'ImageObject', 'contentUrl': 'https://tgtpimtsoch.sos-ch-dk-2.exoscale-cdn.com/catalog/8/8/2/8/88288a89c678afc864eb4ea8e28cf8814d7d5eee_IMG_9752.jpg'}];2025-05-17T09:24:48+02:00
214cfc4f-d3a7-4399-8e99-9b3d02be9d13;Dampfromantik am Bodensee;Die Mittel-Thurgau-Bahn ist mit dem beliebten «Mostindien-Express» unterwegs. Immer am letzten Sonntag von Mai bis Oktober verkehren öffentliche Dampfzüge ab Romanshorn; am Vormittag auf der Seelinie oder im Thurtal bzw. nachmittags zweimal nach Rorschach und retour.;Die historische Komposition, gezogen von der MThB-Dampflok Ec 3/5 Nr. 3, besteht aus dem roten Salonwagen, dem grünen Gepäck-/Postwagen und dem blauen Aussichtswagen, sowie einem direkten Kurswagen (Panoramawagen) nach Heiden. Die Gäste steigen ein und erleben die Langsamkeit wie in früherer Zeit. Auf allen Fahrten wird ein kleines Gastro-Angebot mitgeführt.

Der Verein hat auch andere Sonderfahrten auf dem Jahresprogramm.

Das Rollmaterial ist in der historischen Lokremise (Locorama Romanshorn) stationiert. Dort steht auch der bekannte «Thurgauer Zug», ein elektrischer Pendelzug der ehemaligen Mittel-Thurgau-Bahn, mit dem exklusiven Salonwagen Bodan. Diese Komposition darf auf den meisten normalspurigen Bahnstrecken der Schweiz verkehren.

Der Verein organisiert gerne eine individuelle Fahrt für persönliche Anlässe, sei es mit Dampf oder elektrisch.;9.377057;47.559628;Egnacherweg 1;8590;Romanshorn;+41 71 622 95 56;info@mthb.ch;http://www.mthb.ch;[{'@type': 'ImageObject', 'contentUrl': 'https://tgtpimtsoch.sos-ch-dk-2.exoscale-cdn.com/catalog/c/d/9/3/cd9356e2ea34da4d5f5b1a9a3bf0c18db3f3f61c_MThB_Ec_MIE_01.jpg'}];2025-05-17T09:08:15+02:00
2d05456f-3034-4bd3-a7fc-ef282c048067;Hallenbad Weinfelden;Mit einem 25-Meter-Becken, Sprunganlage, Nichtschwimmerbereich sowie einem vielseitigen Kursangebot für Schwimmen und Aquafit bietet das moderne Hallenbad attraktive Möglichkeiten für Sport und Freizeit.;<p>Das Hallenbad Weinfelden ist eine moderne Schwimm- und Freizeitanlage im Herzen von Weinfelden und ein beliebter Ort f&uuml;r Bewegung, Gesundheit und Erholung. Herzst&uuml;ck der Anlage ist das 25-Meter-Becken mit f&uuml;nf Bahnen, das ideale Bedingungen f&uuml;r Schwimmtraining, Fitness und entspannte Bahnen bietet. Erg&auml;nzt wird das Angebot durch eine Sprunganlage mit 1- und 3-Meter-Brett sowie ein separates Nichtschwimmerbecken f&uuml;r unterschiedliche Bed&uuml;rfnisse.</p><p>Ein vielseitiges Angebot an Schwimm- und Aquafitkursen erweitert die Nutzungsm&ouml;glichkeiten der Anlage und macht das Hallenbad zu einem wichtigen Treffpunkt f&uuml;r Sport und Freizeit in der Region. Die zentrale Lage in Weinfelden sorgt f&uuml;r eine gute Erreichbarkeit und unterstreicht die Bedeutung der Anlage als Freizeit- und Bewegungszentrum im Thurgau.</p>;9.104563;47.5649841;Bleichstrasse 3;8570;Weinfelden;https://www.weinfelden-erleben.ch/sportanlagen/hallenbad;[{'@type': 'ImageObject', 'contentUrl': 'https://tgtpimtsoch.sos-ch-dk-2.exoscale-cdn.com/catalog/3/8/7/d/387d88ea7c5a039f46fabfe982c90316a5b0cf31_PIM_Eintrag_Badi__1_.jpg'}];2026-06-30T08:13:53+02:00
2d804325-f36b-4218-96e7-ead3359b1168;Ochsen Metzgerei Wattinger;Der Familienbetrieb aus Altnau setzt seit 1985 auf qualitativ hochwertige Produkte aus eigener Produktion mit hauseigener Schlachtung. Auch im Bereich Partyservice steht die Metzgerei dank langjähriger Erfahrung für beste Qualität.;«Regionale Fleisch- und Wurstwaren aus eigener Produktion, Artgerechte Tierhaltung und kurze Transportwege, Verhindern von Foodwaste durch die Verwertung des ganzen Tiere.» In unserem Familienunternehmen sind das keine Mode-Erscheinungen.
Mit unserer hauseigenen Schlachtung pflegen wir diese Traditionen seit 1985. Bis heute sind das die Voraussetzungen für höchste Qualität.

Metzgerei:
Ihr Fleischfachgeschäft am Bodensee! Profitieren Sie von einer kompetenten Beratung und geniessen Sie unsere hausgemachten Fleisch- und Wurstspezialitäten.

Catering:
Jeder Anlass ist einzigartig. Wir umrahmen Ihren ganz individuellen Event gerne mit einem passenden Menu und dem kompletten Service. Ihr Genuss ist unsere Leidenschaft!

Festinventar:
Geschirr, Gläser, Turbo-Kaffeemaschine, Kühlschränke, einzigartige Grills... Ein gelungener Anlass setzt eine einwandfreie Infrastruktur voraus. Wir rüsten Sie für jeden Event aus!

24h-Verkaufsautomat:
Bezahlung auch kontaktlos mit Karte und Twint!;9.2592022;47.6127295;Bahnhofstrasse 13;8595;Altnau;+41 71 695 23 11;info@ochsen-metzgerei.ch;http://www.ochsen-metzgerei.ch/;[{'@type': 'ImageObject', 'contentUrl': 'https://tgtpimtsoch.sos-ch-dk-2.exoscale-cdn.com/catalog/5/6/5/2/5652966325825f0e41200aaeb7a71814c0fc6a38_Geb__ude_1.jpg'}];2026-03-17T12:04:50+01:00
3ceabd8f-2872-4a51-bdb4-2e888f59ee9b;Kunsthalle Arbon;Die Kunsthalle Arbon ist ein Ausstellungsraum für zeitgenössische Kunst und bietet eine Plattform für künstlerische Auseinandersetzungen mit experimentellem Charakter.;Mit dem über die letzten Jahre geschärften Profil für experimentelle, installative Kunst in der charaktervollen Halle nimmt die Kunsthalle Arbon eine einzigartige Rolle unter den Ausstellungsräumen in der Schweiz wahr.

Die Ausstellungen wollen nicht das etabliert-museale Kunstverständnis vermitteln, sondern dessen Weiterentwicklung und Erweiterung, wo Kunst Widerspruch, Irritation und Wagnis, nicht Bestätigung ist.

Die Ausstellungen in der Kunsthalle Arbon sollen überraschen und die Kunst einem breiten, vielschichtigen Publikum als besonderes Erlebnis und als Mehrwert erfahrbar machen. Die qualitativ hochstehende Kunst jenseits des Mainstreams will zudem auch dem Fachpublikum einen Ausflug in die Region lohnend machen.

Der Eintritt in die Ausstellungen der Kunsthalle Arbon ist frei.;9.43403513194969;47.51791455;Grabenstrasse 6;9320;Arbon;info@kunsthallearbon.ch;http://www.kunsthallearbon.ch/;[{'@type': 'ImageObject', 'contentUrl': 'https://tgtpimtsoch.sos-ch-dk-2.exoscale-cdn.com/catalog/7/3/e/a/73eaebbc948177176aead0ff9f2665f681d3200c_Ana_Strika_Kunsthalle_Arbon_2022_2.jpg'}];2026-08-03T14:32:40+02:00
3f11830d-a224-4365-a4a5-e0fcd9196ee3;1001 Freizeit Arena;Erlebe Nervenkitzel, Spass und unvergessliche Momente in der 1001 Freizeit Arena in Amriswil! Ob Geburtstagsfeiern, Firmenessen oder einfach eine gute Zeit – die vielfältigen Angebote garantieren spannende Erlebnisse für Gruppen jeder Art.;Die 1001 Freizeit Arena präsentiert nicht nur 10 topmoderne Bowlingbahnen, sondern auch eine grosszügige Tennis- und Badmintonhalle. Für Liebhaber von Billard, Snooker und Dart gibt es hier ebenso ein vielfältiges Angebot.

Ein einzigartiges und actiongeladenes Spielerlebnis erwartet die Gäste in der 1001-Virtual Arena. Dank modernster Wireless-VR-Technologie kann die aufregende Welt des Free-Roam Virtual Gaming in voller Bewegungsfreiheit erkundet werden.

Das moderne Spielparadies für Kinder begeistert mit erlebnisreichen Spielgeräten und Attraktionen wie Rutschen, Riesentrampolin, Kletterlabyrinth, Ballgruben, uvm. Langeweile ist bei diesem bunten und vielfältigen Angebot für Kinder jeden Alters ausgeschlossen.

In den hauseigenen Event-Restaurants, die besonders bei geselligen Firmen-, Vereins- oder Gruppenanlässen beliebt sind, werden verschiedene Plauschangebote wie Raclette- oder Pizzaplausch angeboten. Die Event-Restaurants bieten sich auch optimal für Kindergeburtstage an.;9.28957;47.54096;Quellenstrasse 39;8580;Amriswil;+41 71 411 67 77;info@sport1001.ch;http://www.sport1001.ch/;[{'@type': 'ImageObject', 'contentUrl': 'https://tgtpimtsoch.sos-ch-dk-2.exoscale-cdn.com/catalog/4/e/9/1/4e91652d444f3bb2234e8e94f96831aeaf81476c_1001_Freizeit_AG_mit_Logo.jpg'}];2025-05-17T08:39:46+02:00
450f04be-6022-4684-8e8d-7ec6d5eb99c8;Kanuschule Bodensee – Kanu- und SUP-Erlebnisse;Paddelabenteuer mit der Kanuschule Bodensee erleben: Seekajak, Kanadier oder Surfski. Individuelle Kurse sowie Gruppen- und Firmenausflüge. Natur- und Wassererlebnis pur.;<p class="isSelectedEnd">Mit der Kanuschule Bodensee entdecken G&auml;ste die Faszination des Paddelns in Arbon: Interessierte profitieren von einer Vielzahl an Kursen &ndash; vom Seekajak &uuml;ber Surfski bis hin zu spezialisierten Techniktrainings. Als f&uuml;hrendes Testzentrum f&uuml;r Epic-, Nelo-, Tiderace- und die faltbaren Oru Kayaks bietet die Kanuschule Bodensee h&ouml;chste Qualit&auml;t und neuste Innovationen im Paddelsport. Das Angebot richtet sich sowohl an Einzelpersonen als auch an Gruppen, inklusive Firmenausfl&uuml;gen und Teambuilding-Events mit Grosskanadiern.</p><p>Der Wassersport-Shop h&auml;lt alles bereit, was f&uuml;r ein Paddelabenteuer ben&ouml;tigt wird. Hier gibt es nicht nur die perfekte Ausr&uuml;stung, sondern auch ein Team, das seine Leidenschaft f&uuml;r den Wassersport teilt. Interessierte erleben den Bodensee von seiner sch&ouml;nsten Seite &ndash; auf dem Wasser, gest&auml;rkt durch Sport und umgeben von Natur. Die Kanuschule Bodensee sorgt f&uuml;r unvergessliche Paddelerlebnisse.</p>;9.419058233648066;47.525958200000005;Philosophenweg 10;9320;Arbon;+41714400282;info@kanuschule-bodensee.ch;http://www.kanuschule-bodensee.ch/;[{'@type': 'ImageObject', 'contentUrl': 'https://tgtpimtsoch.sos-ch-dk-2.exoscale-cdn.com/catalog/9/f/0/1/9f01ab311e142ad860d1276efe3375d369f8dd8d_Teamfoto__2.jpeg'}];2026-05-29T16:41:39+02:00
4b78549d-c828-46e2-84f5-560c6e922c49;Tröpfel – alkoholfreier Trinkgenuss;Tröpfel, der alkoholfreie Schaumwein aus Schweizer Trauben und Äpfeln, schmeichelt Gaumen und – Leber. Die verschiedenen nullprozentigen Geschmacksrichtungen sind ausserordentlich erfrischend, prickelnd und passen zu jedem Anlass. Auch das isotonische Paes oder der Sansbulle ohne Kohlensäure überraschen.;Als die Promillegrenze in der Schweiz gesenkt wurde, waren die Zeit, zwei Thurgauer Frauen und die Früchte reif für Tröpfel! Patricia Dähler und Esther Schaefer kreierten ihren ersten alkoholfreien Schaumwein aus Ostschweizer Trauben und Äpfeln. Dieser erhielt diverse Auszeichnungen. An den Erfolg knüpften die Frauen mit drei weiteren Tröpfeln, wie etwa dem Kingwer, leicht scharf, mit Kürbis und Schweizer Ingwer, sowie mit dem Paes an. Letzteres ist ein isotonisches Powergetränk in zwei Geschmacksrichtungen und perfekte Erfrischung nach sportlicher Aktivität. Der bisher letzte Coup der Tröpfel-Erfinderinnen ist der Sansbulle, ein stilvoller Essensbegleiter zum Anstossen ohne Kohlensäure und natürlich auch ohne Alkohol. Es gibt ihn in rot aus Regenttrauben, Haskap- und Aroniabeeren oder weiss mit Lavendel, Salbei, Quitten und weissen Traube. Auf dem Schweizer Regionalprodukte-Wettbewerb erhielt der Sansbulle die Goldmedaille. Mittlerweile werden jährlich über 70’000 Flaschen Tröpfel-Getränke produziert und schweizweit vertrieben.;8.934338300000036;47.6495936;Neuburg 5, Hauptstrasse;8265;Mammern;+41 79 459 27 03;p.daehler@troepfel.ch;https://www.troepfel.ch/;[{'@type': 'ImageObject', 'contentUrl': 'https://tgtpimtsoch.sos-ch-dk-2.exoscale-cdn.com/catalog/5/6/6/9/5669642d091741bb174f0b9a6711d27d8252a0c9_Mammern_Troepfel_Detail_Flasche.jpg'}];2026-04-15T10:49:20+02:00
554babe1-f965-4a55-aeb3-3e7d5f9440f9;Schlossbadi Frauenfeld;Die Schlossbadi Frauenfeld ist eine vielseitige Badeanlage für Sport, Freizeit und Erholung. Mit Hallenbad, Freibad und modernen Wasseranlagen.;<p class="isSelectedEnd">Mit Hallenbad und Freibad vereint die Schlossbadi im Herzen von Frauenfeld ganzj&auml;hriges Badevergn&uuml;gen. Mit einem grossz&uuml;gigen Schwimmbecken, attraktiven Wasserfl&auml;chen und gepflegten Anlagen schafft sie ideale Bedingungen f&uuml;r sportliches Schwimmen, entspanntes Verweilen und gemeinsame Erlebnisse mit der Familie.</p>;8.8959382;47.55251;Schlossmühlestrasse 26;8500;Frauenfeld;https://www.frauenfeld.ch/kultur-freizeit/freizeit/freizeitanlagen-sport/schlossbadi-frauenfeld.html/295;[{'@type': 'ImageObject', 'contentUrl': 'https://tgtpimtsoch.sos-ch-dk-2.exoscale-cdn.com/catalog/6/c/9/0/6c9093e94cdaaeeea4132a7a0c17d3839238bb0d_Schlossbadi.jpg'}];2026-06-30T08:31:12+02:00
6136c2c5-5338-4eba-bbbe-e328f51fee45;Hofladen Schloss Herdern;Schloss Herdern ist eine moderne Institution mit verschiedenen Arbeits- und Beschäftigungsmöglichkeiten sowie einem Angebot an spannenden touristischen Aktivitäten.;<p>Schloss Herdern ist eine Wohn-, Arbeits- und Beschäftigungsstätte. Im Zentrum steht dabei das Wohl und die Förderung jedes Einzelnen und die Schaffung eines Umfelds, in dem sich die Klienten geborgen und unterstützt fühlen.<br><br>In der hauseigenen Genussküche werden regionale Produkte der Eigenmarke «Genuss Handwerk» hergestellt. Die Klienten leisten einen wertvollen Beitrag, angefangen beim Rüsten über das Abfüllen bis hin zum Anbringen von Etiketten. Im Kreativatelier werden in entspannter Arbeitsatmosphäre Gegenstände unter der Eigenmarke «Design Handwerk» hergestellt. Diese und weitere Produkte werden im Schlossladen wunderschön präsentiert, auf Märkten verkauft oder über den Web-Shop vertrieben.<br><br>Verschiedene Anlässe auf Schloss Herdern locken immer wieder zahlreiche Besucher an wie der jährliche Tag des offenen Weinkellers, der Tag der offenen Tür, der Herbst- oder Weihnachtsmarkt.<br></p>;8.9100273;47.6041186;Haldenstrasse 1;8535;Herdern;+41 52 748 28 28;info@schlossherdern.ch;https://www.schlossherdern.ch/;[{'@type': 'ImageObject', 'contentUrl': 'https://tgtpimtsoch.sos-ch-dk-2.exoscale-cdn.com/catalog/e/f/0/4/ef04b2c7bc43c2d16c9c2cb6ea76c8f48c8bd3e7_Herdern_Schloss.JPG'}];2026-06-15T08:44:05+02:00
624ba23d-3707-4423-bd57-5d973fbb17e3;SUP4YOU;SUP4YOU betreibt in der Badi Steckborn eine automatisierte SUP-Mietstation am Untersee. Das Angebot ergänzt das touristische Freizeitangebot der Region und ermöglicht spontane Stand-up-Paddle-Erlebnisse direkt am Wasser.;<p>SUP4YOU betreibt in der Badi Steckborn am Untersee eine moderne Selbstbedienungs-Mietstation f&uuml;r Stand-up-Paddleboards (SUP). Das Angebot erweitert das Freizeit- und Wassersportangebot im Kanton Thurgau und erm&ouml;glicht einen unkomplizierten Zugang zum Stand-up-Paddling direkt am See. Dank der digitalen Mietstation k&ouml;nnen SUP-Boards spontan und bequem in rund einer Minute mit dem Smartphone gemietet werden: QR-Code an der Mietstation scannen, Board aus dem Fach entnehmen und direkt aufs Wasser starten. Die Lage in der Badi Steckborn bietet ideale Voraussetzungen f&uuml;r entspannte Touren mit Blick auf den Untersee und die gegen&uuml;berliegende Uferlandschaft. Die automatisierte L&ouml;sung verbindet moderne Technologie mit einem unkomplizierten Naturerlebnis und schafft maximale Flexibilit&auml;t f&uuml;r Einheimische und Ferieng&auml;ste.</p>;8.9694971;47.6587281;Seestrasse 188;8266;Steckborn;+41 79 504 91 77;bruno@sup4you.ch;https://sup4you.ch/de/strandbad-steckborn/;[{'@type': 'ImageObject', 'contentUrl': 'https://tgtpimtsoch.sos-ch-dk-2.exoscale-cdn.com/catalog/3/f/0/2/3f02c1cc61d68018adf88758aabd54df1cb49710_IMG_6954.jpeg'}];2026-06-29T14:32:04+02:00
6775e80e-7ff2-43ae-8623-89656e71b786;Ein Töffli-Tag mit Mofun;Wer hat sie nicht; die Töffli-Geschichte aus der Jugend, wo mit Töffli, Mofa, Moped, Hobel, oder wie man es denn nennen mochte, eine abenteuerliche Reise unternommen wurde? Falshback gefällig? Mofun in Schaffhausen machts möglich.;<p>Bei Mofun in Schaffhausen lassen sich Töffli für eine Rundfahrt mit Freunden, einen Vereinsausflug, Poltertag oder Firmenevent mieten. Das Schwelgen in Erinnerungen ist garantiert – wer denkt nicht gerne an seine Jugend zurück, als das Töffli das erste Stück Freiheit bedeutet? Heute fährt man mit den Mopeds von Mofun auf einen erlebnisreichen Ausflug durch die Region Schaffhausen, entlang von Rhein und Rebhang. Unterwegs ist man auf den legendären Pony Mofas, die seit 1961 in Feuerthalen hergestellt werden. Die Töffli haben nur einen Sprung über den Rhein zu Mofun gemacht und sind weiterhin in ihrem Heimatgebiet unterwegs. Mofun unterstützt bei der Routenwahl, Organisation eines Rahmenprogramms oder Führungen. Die komplette Ausrüstung wie Helm, Handyhalter, Routenplaner, Kindersitz und Notfallset wird bereitgestellt. Sollte ein Problem auftreten, gehört auch ein Pikett-Dienst zum Angebot.</p>;8.5017088;47.7019479;Am Ströössli;8214;Gächlingen;+41 79 930 28 21;info@mofun.ch;https://www.mofun.ch;[{'@type': 'ImageObject', 'contentUrl': 'https://tgtpimtsoch.sos-ch-dk-2.exoscale-cdn.com/catalog/2/6/d/0/26d0e339ead63e3ab14e7661a27264a7252110b1_1_Mofun_Hauptbild.jpg'}];2025-06-11T10:18:14+02:00
693c4db0-e530-400e-b299-51b569251b80;Meier Schreinerei;Die Meier Schreinerei in Weinfelden bietet Workshops, in denen Teilnehmende eigene Massivholzunikate wie Schneidebretter, Sommerliegen oder Weihnachtsbäume fertigen. Ein kreatives Erlebnis und idealer Teamevent im Herzen des Thurgaus.;<p>Die Meier Schreinerei in Weinfelden ist ein traditionsreicher Handwerks-Familienbetrieb in vierter Generation. Hier trifft modernste CNC-Technologie auf klassisches Handwerk &ndash; vom digitalen Pr&auml;zisionsschnitt bis zum Arbeiten mit dem traditionellen Handhobel.</p>
<p>In den Workshops kommen beide Techniken zum Einsatz. Die Teilnehmenden arbeiten mit Schreinermaschinen und traditionellen Werkzeugen und erhalten wertvolle Tipps von versierten Handwerkern. Unter fachkundiger Anleitung entstehen einzigartige Massivholzst&uuml;cke &ndash; vom klassischen Schneidebrett &uuml;ber eine stilvolle Sommerliege bis hin zu einem modernen Weihnachtsbaum.</p>
<p>Mehr als nur ein Kurs: Dieser Workshop schafft Raum f&uuml;r Kreativit&auml;t und f&ouml;rdert den Teamgeist. Ob als Teamevent, Polterabend oder Firmenausflug &ndash; diese Erfahrung bleibt unvergessen. Vorkenntnisse sind nicht erforderlich.</p>;9.123382731334871;47.560791800000004;Mühlfangstrasse 18;8570;Weinfelden;+41 71 626 10 40;kmeier@meier-schreinerei.ch;https://legno-vivo.meier-schreinerei.ch/home.html;[{'@type': 'ImageObject', 'contentUrl': 'https://tgtpimtsoch.sos-ch-dk-2.exoscale-cdn.com/catalog/0/c/6/a/0c6a69beaf7d9732bf2078852a720bcc24b75bfb_MeierSchreinerei_Weinfelden_Sommerstuhl__2.jpg'}];2025-06-26T10:59:26+02:00
8de3fbb5-377f-4413-8453-a2579914cfd6;Hallenbad Egelsee;Das Bad Egelsee in Kreuzlingen vereint Badespass, Sport und Erholung unter einem Dach. Die moderne Wasserwelt mit Schwimmbecken, Erlebnisbereichen, Rutschbahn sowie Wellnessangeboten bietet vielseitige Freizeitmöglichkeiten für Gross und Klein.;<p>Die moderne Wasserwelt vereint Sport, Erholung und Familienerlebnisse an einem Ort. Herzst&uuml;ck der Anlage ist das Sportbecken f&uuml;r Schwimmtraining und Bewegung im Wasser. Erg&auml;nzt wird das Angebot durch ein Lehrschwimmbecken mit variablem Beckenboden, ein Familienbecken mit Sprungbereich sowie ein Erlebnisbecken mit Massaged&uuml;sen, Schwallduschen und Sprudelsitzen.</p><p>F&uuml;r Familien steht ein eigener Kleinkindbereich mit flachem Wasser, Rutsche und Wasserspielen zur Verf&uuml;gung. Die Rutschbahn mit mehreren Kurven sorgt f&uuml;r zus&auml;tzlichen Badespass. Sprungplattformen mit separatem Eintauchbereich bieten attraktive M&ouml;glichkeiten f&uuml;r sportliche Aktivit&auml;ten im Wasser.</p><p>Der Wellnessbereich mit Sauna und Dampfbad erg&auml;nzt das Angebot und schafft Raum f&uuml;r Entspannung. Dank der modernen Infrastruktur, der vielf&auml;ltigen Wasserattraktionen und der Lage in Kreuzlingen nahe dem Bodensee ist das Bad Egelsee ein beliebtes Ausflugsziel f&uuml;r Freizeit, Sport und Erholung im Thurgau.</p>;9.1768507;47.6456745;Hauptstrasse 88a;8280;Kreuzlingen;https://www.bad-egelsee.ch/;[{'@type': 'ImageObject', 'contentUrl': 'https://tgtpimtsoch.sos-ch-dk-2.exoscale-cdn.com/catalog/a/6/1/8/a618672e2439a99be5bc94a5a629731c4a8f4e19_Kreuzlingen_BadEgelsee.jpg'}];2026-06-30T08:10:27+02:00
a4623f8e-dc49-421c-a6b3-2d48bde9c3fe;Minigolf Buchs (am Werdenbergersee);Die traditionsreiche Minigolfanlage mit 18 Bahnen wurde 1970 am Werdenbergersee eröffnet und erfreut seitdem jede Menge kleine und grosse Kinder. Die idyllische Lage am See lädt zum Verweilen und Geniessen ein. ;Die Minigolfanlage, welche von Angelica und Beat Finsterwald in zweiter Generation mit Herzblut geführt wird, bietet des Weiteren eine Pit Pat Anlage (eine Art Tischminigolf) mit 18 verschiedenen Bahnen, einen Kinderverkehrsgarten mit Elektroautos, Fahrsimulatoren und Tischtennis spielen. Der Kiosk mit Selbstbedienung rundet einen gelungenen Ausflug ab. ;9.463251275602586;47.16540365;Moosweg;9470;Buchs SG;+41 77 400 57 31;a.finsterwald@bluewin.ch;[{'@type': 'ImageObject', 'contentUrl': 'https://tgtpimtsoch.sos-ch-dk-2.exoscale-cdn.com/catalog/f/1/5/1/f151d6628ee042e83d49a71fb51df9b89a89cfbf_FreizeitanlageWerdenberg_2024.jpg'}];2025-05-17T08:45:10+02:00
a4ebe6ef-10cc-4e32-8a71-15dd73ac0777;La Canoa – Kanuzentrum Konstanz;La Canoa, das Kanuzentrum in Konstanz, überzeugt mit vielfältigen Angeboten rund ums Paddeln auf dem Bodensee. Kanu, Kajak, Stand-Up-Paddles oder Teamkanadier können hier gemietet und an zahlreichen Abgabestellen rund um den Bodensee zurückgegeben werden.;Es gibt kaum einen schöneren Weg den Bodensee mit seiner einzigartigen Natur- und Kulturlandschaft zu entdecken als paddelnd vom Wasser aus. La Canoa, das Kanuzentrum in Konstanz, rüstet Wasserbegeisterte aus mit Paddel-Equipment und bietet ein vielfältiges Kursangebot und Routenvorschläge. Wie wäre es zum Beispiel beim Aufenthalt am Bodensee bis zur Unterkunft mit dem Kanu zu paddeln? Oder den Bodensee-Kanuweg unter die Ruder zu nehmen? 25 Abgabestationen rund um den Bodensee machen diese etwas andere Art des Reisens möglich. Auf Schweizer Bodenseeseite finden sich SUP- und Kanustationen in Romanshorn, Kreuzlingen, Gottlieben, Steckborn, Stein a.R., Schaffhausen. Hier können Boote und SUP's gemietet und abgegeben werden. Für Gruppen-, Schulklassen-, Firmen- und Teambuildingausflüge bietet La Canoa geführte Kanutouren an. Das gemeinsame Fortbewegen auf dem Wasser stärkt den Zusammenhalt, denn nur mit vereinten Kräften gelangt man ans Ziel. Ein spritziger und erlebnisreicher Tag ist garantiert.;9.148033261299135;47.6755384976673;Robert-Bosch-Straße 4B;78467;Konstanz;+497531959599;info@lacanoa.com;http://www.lacanoa.com/;[{'@type': 'ImageObject', 'contentUrl': 'https://tgtpimtsoch.sos-ch-dk-2.exoscale-cdn.com/catalog/2/4/e/2/24e2e75e2db027db6c2e1691a0fec4579049982b_Konstanz_Kajak_Kanu_Inselhotel_Muenster_30_2020_Quelle_LaCanoa.JPG'}];2025-05-17T08:51:50+02:00
ae0b0604-7b19-4a73-9129-72a026929dc0;Kantonsbibliothek Thurgau;Die Kantonsbibliothek Thurgau bietet die vielfältigen Dienstleistungen einer modernen Bibliothek an: Bücher, Zeitungen, Zeitschriften, Musik, Hörbücher, Filme und ein umfassendes digitales Angebot. Sie ist aber auch kultureller und gesellschaftlicher Treffpunkt der Region.;Ein Aufenthaltshort zum Lesen, Lernen und Verweilen...
Ein grosser Lesesaal, WLAN, PC- und diverse Einzelarbeitsplätze stehen für Katalog- und Internetrecherchen zur Verfügung und ermöglichen vertieftes Arbeiten. Ausserdem bietet die Kantonsbibliothek Zugang zu zahlreichen digitalen Angeboten, darunter ein Presseportal mit über 300 vorwiegend deutschsprachigen Tages- und Wochenzeitungen, Sprachkurse, Film- und Musikstreaming und mehrere Plattformen mit E-Books, E-Paper und E-Magazines.

Die grösste kantonale Bibliothek ist auch die zentrale Sammel- und Vermittlungsstelle für thurgauisches Schriftentum. Sie beherbergt einen bemerkenswerten historischen Buchbestand; alte, kostbare, ja einmalige Werke (Handschriften, Inkunabeln und alte Drucke), von denen nicht wenige aus aufgehobenen Thurgauer Klöstern stammen.;8.899457323304771;47.55621805;Promenadenstrasse 12;8500;Frauenfeld;+41 58 345 69 00;kantonsbibliothek@tg.ch;https://kantonsbibliothek.tg.ch/;[{'@type': 'ImageObject', 'contentUrl': 'https://tgtpimtsoch.sos-ch-dk-2.exoscale-cdn.com/catalog/3/2/7/b/327b53cd251c54fd27f7ed6fe555bf1772bdd61f_Frauenfeld_Kantonsbibliothek_Thurgau.jpg'}];2026-04-09T08:30:51+02:00
b51310cc-e78d-4191-a97f-239ad031d7f4;Schwimmbad Amriswil;Das Schwimmbad Amriswil ist eine vielseitige Freizeitanlage für Sport, Erholung und Badespass. Mit 50-Meter-Schwimmbecken, Rutschbahn, Sprungtürmen, Strömungskanal, Planschbecken und grosszügigen Liegewiesen bietet die Badi attraktive Möglichkeiten für alle Altersgruppen.;<p>Das Schwimmbad Amriswil z&auml;hlt zu den beliebten Freizeit- und Sportanlagen im Thurgau und bietet ein abwechslungsreiches Angebot f&uuml;r Erholung, Bewegung und Wasserspass. Die weitl&auml;ufige Anlage vereint sportliche Infrastruktur mit familienfreundlichen Attraktionen und grossz&uuml;gigen Gr&uuml;nfl&auml;chen.</p><p>Herzst&uuml;ck der Anlage ist das 50-Meter-Schwimmbecken, das ideale Bedingungen f&uuml;r Schwimmsport und Training bietet. Erg&auml;nzt wird das Angebot durch ein Nichtschwimmerbecken, einen Str&ouml;mungskanal sowie einen Sprudelbereich. F&uuml;r zus&auml;tzliche Abwechslung sorgen die lange Rutschbahn und die 1- und 3-Meter-Sprungt&uuml;rme. Kinder finden im Planschbecken mit Wasserspielen sowie auf dem Spielplatz vielf&auml;ltige M&ouml;glichkeiten zum Spielen und Entdecken.</p><p>Neben den Wasserattraktionen verf&uuml;gt das Schwimmbad Amriswil &uuml;ber Beachvolleyballfelder, Tischtennistische, eine Ballwiese sowie weitl&auml;ufige Liegewiesen mit zahlreichen Schattenpl&auml;tzen. Die Kombination aus Sport, Erholung und familienfreundlicher Infrastruktur macht die Badi zu einem vielseitigen Ausflugsziel in Amriswil und im Thurgau.</p>;9.301176667213442;47.543341050459524;Schwimmbadweg;8580;Amriswil;https://www.amriswil.ch/badi;[{'@type': 'ImageObject', 'contentUrl': 'https://tgtpimtsoch.sos-ch-dk-2.exoscale-cdn.com/catalog/8/1/1/9/81195c40e33c9b51b69d691931abd7406d13f4db_PIM_Eintrag_Badi__1_.jpg'}];2026-06-19T12:07:43+02:00
ca17e3df-fd1e-47f1-b886-408519c24e19;indicis.ch – E-Bike Verleih und Touren;In Ermatingen bietet indicis.ch E-Bike Verleih und geführte Touren. Auf abwechslungsreichen Wegen entdecken Gruppen den Thurgau am Untersee und erleben die vielfältige Natur- und Kulturlandschaft der Bodenseeregion.;<p>Am Untersee verbindet indicis.ch E-Bike Verleih mit gef&uuml;hrten Touren direkt am Bodenseeradweg. So er&ouml;ffnen sich ideale M&ouml;glichkeiten, den Thurgau aktiv zu entdecken. Die Routen f&uuml;hren durch sanfte H&uuml;gellandschaften, vorbei an Obstg&auml;rten, Rebbergen und idyllischen Uferwegen. Erfahrene Guides vermitteln Hintergr&uuml;nde zu Natur, Kultur und Geschichte und er&ouml;ffnen neue Einblicke in die Bodenseeregion. Neben Tagesausfl&uuml;gen organisiert das Unternehmen auch mehrt&auml;gige Reisen rund um den Bodensee oder bis in das Elsass. Moderne E-Bikes mit tiefem Einstieg sorgen f&uuml;r Komfort und erm&ouml;glichen es, auch l&auml;ngere Strecken m&uuml;helos zu bew&auml;ltigen. Damit ist indicis.ch ein verl&auml;sslicher Partner f&uuml;r Gruppen und Teams, die die Vielfalt des Thurgaus und des Bodenseeraums nachhaltig erleben m&ouml;chten.</p>;9.0753813;47.6701352;Westerfeldstrasse 33;8272;Ermatingen;+41 797931665;indicis.ch@gmail.com;http://www.indicis.ch;[{'@type': 'ImageObject', 'contentUrl': 'https://tgtpimtsoch.sos-ch-dk-2.exoscale-cdn.com/catalog/4/2/d/2/42d2914bd5b6c98ad13cc225035ec4ef0958c056_20250511_115204__1_.jpg'}];2025-10-02T08:29:46+02:00
d64cd5cc-7555-4225-92da-70dbcda9c2b0;Öpfelfarm;Mitten in Mostindien befindet sich der Hof der Familie Kauderer. Auf der Öpfelfarm in Steinebrunn werden beste, reife Früchte aus der Region mit einem selbst entwickelten Verfahren getrocknet, sodass natürliche Vitamine und Mineralien enthalten bleiben.;Gäste erleben in der Öpfelfarm in Steinebrunn die Verarbeitung und Veredelung von Äpfeln und vielen anderen Früchten und Beeren zu den verschiedensten Gaumenfreuden. Die Familie Kauderer hat sich diesem Genusshandwerk verschrieben und öffnet in ihrem Hofladen die Türen zu einer Welt voller Köstlichkeiten. Nebst Trockenfrüchten, Backwaren und vielen anderen regionalen Spezialitäten, sind im Hofladen und im dazugehörigen Onlineshop auch viele individuell zusammengestellte Geschenksideen zu finden. Gruppen haben zudem die Möglichkeit, die Produktion der Trockenfrüchte zu besichtigen und einen Einblick in die Welt der Familie Kauderer zu erlangen.;9.3484775;47.5297754;Olmishausen 18;9314;Steinebrunn;+41 71 470 01 23;kauderer@oepfelfarm.ch;http://www.oepfelfarm.ch/;[{'@type': 'ImageObject', 'contentUrl': 'https://tgtpimtsoch.sos-ch-dk-2.exoscale-cdn.com/catalog/4/6/c/2/46c255f9d27708d92fe25e82c62b7931ff6af556___pfelfarm_in_Steinebrunn.jpg'}];2026-05-15T08:56:08+02:00
e5e0fb90-e18d-4ac4-b7ac-819891946a54;Padel District;Padel District Affeltrangen steht für modernes Padel-Erlebnis im Thurgau mit hochwertigen Courts, Trainings, Events und Turnieren für alle, die Padel neu entdecken oder bereits regelmässig spielen – in sportlicher Atmosphäre mit Community-Feeling.;<p>Padel District Affeltrangen bietet modernes Padel-Erlebnis im Thurgau mit hochwertigen Courts, Trainings, Events und Turnieren f&uuml;r alle, die Padel neu entdecken oder bereits regelm&auml;ssig spielen &ndash; in sportlicher Atmosph&auml;re mit Community-Feeling.&nbsp;Die moderne Anlage in Affeltrangen bringt die dynamische Trendsportart Padel in den Thurgau und ist gut aus der Region Thurgau, dem Bodenseegebiet und der Ostschweiz erreichbar. Eingebettet in die l&auml;ndlich gepr&auml;gte Umgebung des Kantons verbindet Padel District Bewegung, Spiel und Begegnung zu einem unkomplizierten Sporterlebnis.<br>Die hochwertigen Courts schaffen ideale Bedingungen f&uuml;r entspannte Matches mit Freunden, sportliche Duelle, Gruppenevents oder Trainings. Ob erste Erfahrungen auf dem Court oder ambitioniertes Spiel: Hier treffen moderne Infrastruktur, aktive Community und echte Spielfreude aufeinander.</p>;9.036399722099306;47.52620706363991;Bucherstrasse 12;9556;Affeltrangen;0449511717;info@padeldistrict.ch;https://padeldistrict.ch;[{'@type': 'ImageObject', 'contentUrl': 'https://tgtpimtsoch.sos-ch-dk-2.exoscale-cdn.com/catalog/6/a/c/4/6ac4e2f8dadefba8634220587da95c698e041085_Affeltrangen_Padel_District_Halle.jpg.jpg'}];2026-06-05T10:03:46+02:00
ecc389c6-d7bf-4efe-b736-1ad1b485c4b3;Wieland Beeren und Glacé;Willkommen auf dem Pilgerhof im Märstetten. Auf dem Hof der Familie Wieland findet man einen Hofladen mit frischen Beeren, feinen Glacé sowie ein Rastplatz im Grünen mit Streichelzoo.;Der Pilgerhof wird von Familie Wieland in zweiter Generation bewirtschaftet und liegt mitten im Thurgau.  Der Anbau von geschmacksintensiven Erdbeeren, Himbeeren, Heidelbeeren sowie Brombeeren gehören zu ihren Stärken. 

In der hofeigenen Glacémanufaktur entstehen die «Thurgauer Glacé Perlen». Früchte vom Hof und weitere regionale Zutaten sowie viel Liebe und Leidenschaft für feine Produkte lassen Glacé-Träume wahr werden.

Im Hofladen werden tagesfrische Beeren, Glacé und weitere Spezialitäten werden angeboten.

Ein kleiner Rastplatz im Grünen lädt zudem Wanderer und Velofahrer ein, eine Pause zu machen und aufzutanken. Familien mit Kindern geniessen die ruhige Umgebung sowie den nahen Kontakt zu den Hühnern, Kaninchen und Zwergziegen.;9.071643;47.5844232;Pilgerhof 1;8560;Märstetten;+41 71 657 26 65;info@wieland-beeren.ch;https://www.wieland-beeren.ch/;[{'@type': 'ImageObject', 'contentUrl': 'https://tgtpimtsoch.sos-ch-dk-2.exoscale-cdn.com/catalog/6/b/9/7/6b979d2a9c29fb0108b6ffd46ddc522890746d8c_wielands_beerenliebe__2.png'}];2025-06-06T15:33:00+02:00
ecdfa0eb-c8de-4e05-92ec-b10eb7307227;Mostgut Bärenmost;Auf dem Mostgut Bärenmost mitten in Mostindien lässt sich der Apfel ganzheitlich erleben. Der idyllische Biohof im Thurgau bietet Führungen, Apéros, Degustationen, einen Hofladen, massgeschneiderte Erlebnisse, einen eigenen Adventure Room sowie Platz für Seminare und Tagungen.;<p>Seit 1910 bewirtschaftet die Familie B&auml;r ihren Biohof im Herzen von Mostindien. Mit Leidenschaft wird hier Apfelsaft angebaut, gepresst, vermarktet und genossen. Das Mostgut steht f&uuml;r famili&auml;re Produktion &ndash; von der Scholle bis ins Glas. Purer Geschmack, eleganter Genuss, stilvolles Ambiente und echte Thurgauer Gastfreundschaft machen diesen Ort besonders. Der B&auml;renmost entsteht aus voll ausgereiften, saftigen Bio&auml;pfeln, die direkt auf dem Hof mit einem innovativen Verfahren gepresst werden &ndash; naturrein und ohne Zus&auml;tze. Das Mostgut ist ein kleines, feines Familienunternehmen mit kreativen Ideen. Mit viel Herzblut werden hier authentische Erlebnisse rund um den Apfel geschaffen &ndash; mitten im Thurgau.</p>;9.173830747604372;47.561324341945365;Flurhofstrasse 1;8584;Opfershofen;+41 71 640 03 11;erlebnis@baerenmost.ch;https://baerenmost.ch/;[{'@type': 'ImageObject', 'contentUrl': 'https://tgtpimtsoch.sos-ch-dk-2.exoscale-cdn.com/catalog/4/2/d/b/42db40174b5eeb66cf894b20a7de26c548dbc864_ba__renmost_2022_127_2.jpg'}];2026-06-03T16:07:46+02:00
f6dd71ca-4bc4-4e5b-99e4-581483f51fc4;WAMU;WAMU Standup Paddle aus dem Thurgau bringt eine neue Dimension auf den See: Dank magnetisch verbindbarer Stand Up Paddels entstehen stabile Plattformen und ein vielseitiges Wassererlebnis.

;<p>WAMU aus dem Thurgau denkt Standup Paddling neu. Das Unternehmen kombiniert klassische SUP-Technologie mit einem innovativen Ansatz. Boards lassen sich magnetisch miteinander verbinden.<br>Die WAMU SUP Boards sind so konzipiert, dass sie einzeln gefahren werden k&ouml;nnen und sich bei Bedarf nahtlos zusammenschliessen lassen. Durch ein integriertes Magnetsystem verbinden sich mehrere Boards stabil miteinander &ndash; schnell, sicher und ohne komplizierte Handgriffe. So entstehen aus einzelnen Elementen gr&ouml;ssere Fl&auml;chen, die vielseitig genutzt werden k&ouml;nnen. Diese Funktion verwandelt den See in einen modularen Erlebnisraum.<br>Doch WAMU geht noch weiter. Die verbundenen Boards schaffen auch Raum f&uuml;r Bewegung und Spiel. Aus der Plattform wird ein Spielfeld f&uuml;r Aktivit&auml;ten wie Volleyball oder andere Gruppenspiele. Die Innovation aus dem Thurgau verbindet Natur, Bewegung und Gemeinschaft zu einem vielseitigen Erlebnis.<br>Die WAMU SUP Boards k&ouml;nnen direkt beim Wakepark Romanshorn gemietet werden.&nbsp;</p><p>&nbsp;</p>;9.3594235;47.5744142;Kreuzlingerstrasse 83;8590;Romanshorn;+41 71 461 24 00;info@wamu.ch;https://wamu.ch/;[{'@type': 'ImageObject', 'contentUrl': 'https://tgtpimtsoch.sos-ch-dk-2.exoscale-cdn.com/catalog/f/c/8/d/fc8d3043d17d4f56f47ec0e1ec17e7d9743cddf9_Wamu_Standup_Paddles_zum_verbinden_4.jpg'}];2026-05-12T15:10:34+02:00
f7862546-f1ae-4283-9fd9-2825d167ec3f;Fussballgolf Thurgau;Auf der ersten Fussballgolf-Anlage der Ostschweiz in Müllheim erwarten Gäste eine ganz neue Kombination aus Spass und Bewegung. 

;Fussballgolf ist eine noch recht junge, aufstrebende Trendsportart, welche die beiden Sportarten Fussball und Golf kombiniert. Dieses Outdoor-Erlebnis ist für Gross und Klein, für Familien, Vereine und Firmen ein Freizeitspass – sowohl für Fussballer als auch für Nichtfussballer. Gespielt wird in Gruppen und Ziel ist es, einen Fussball durch oder über Hindernisse zu spielen und in ein Loch zu versenken. Es gewinnt, wer am wenigsten Schüsse benötigt. Ein Durchgang für vier Personen dauert rund zwei Stunden. Die Anlage mit den 18 Bahnen auf einer Spielfläche von 35'000 Quadratmetern ist naturnah gestaltet. Zwischen den Bahnen vermitteln Informations-Tafeln Wissenswertes zum Thema Biodiversität.

Im rollstuhl- und kinderwagenfreundlichen Bistro können sich Besucherinnen und Besucher mit warmen und kalten Speisen und Getränken verpflegen. Von der Terrasse aus geniessen die Gäste den Blick über das gesamte Spielfeld. Die Kinder können sich in der Spielzone mit Sandkasten und Torschusswand vergnügen.;9.006557464599611;47.58863665571785;Haslibach;8555;Müllheim;+41774674691;info@fussballgolf.ch;https://fussballgolf.ch;[{'@type': 'ImageObject', 'contentUrl': 'https://tgtpimtsoch.sos-ch-dk-2.exoscale-cdn.com/catalog/8/c/6/2/8c62bbe53dae707ed08b01643e9ec764954fd7a1_Fu__ballGolf_079.jpg'}];2026-07-18T11:48:32+02:00
fa11ee44-c008-4174-b5a7-2367d2ba3f82;ArboPark Action & Fun Center;Der ArboPark ist mit 6000 qm der grösste Indoor-Freizeitpark der Schweiz und bietet mit seinen vielseitigen Attraktionen Spass, Action und Unterhaltung unter einem Dach – Lachfaktor garantiert!;<p>Über 25 High-End-Attraktionen sorgen für Abwechslung und den richtigen Adrenalinkick – darunter Gokart, DriftPark, Mixed Reality Playground, AR-Darts, die virtuelle Musikshow «The Voice», interaktives Minigolf und einzigartige CUBE Challenges. Wer eine Pause braucht, stärkt sich im hauseigenen Bistro. Ob mit der Familie, in der Gruppe oder im Team – im ArboPark sind Geschick, Teamgeist und Köpfchen gefragt. Dank überdachter Halle und Abendöffnung ist der Besuch bei jedem Wetter möglich – ideal für spontane Tagesausflüge und abwechslungsreiche Abende.&lt;/p&gt;&lt;p&gt;Der ArboPark liegt nur 10 Minuten vom Bahnhof Arbon entfernt und bietet über 400 Parkplätze direkt vor Ort. Das nächste Abenteuer ist also ganz nah.</p>;9.4295678;47.5069449;Textilstrasse 7;9320;Arbon;+41 71 552 80 00;events@arbopark.ch;https://www.arbopark.ch/;[{'@type': 'ImageObject', 'contentUrl': 'https://tgtpimtsoch.sos-ch-dk-2.exoscale-cdn.com/catalog/7/3/d/4/73d46b1e86af9adcbbd3a2ec0bb6fb050d7e2345_indoor_freizeitpark2.png'}];2026-07-13T04:36:12+02:00
