id;name;disambiguatingDescription;description;longitude;latitude;streetAddress;postalCode;addressLocality;telephone;email;url;image;dateModified20a42452-c5d5-48d6-ad8d-5b15f1fcf5c5;Linie Frauenfeld-Wil;Zwischen Frauenfeld und Wil bringt der Zug der Appenzeller Bahnen die Gäste an tolle Ausgangspunkte für Wanderungen und Ausflüge und verbindet die Städte Frauenfeld und Wil.;Im Murgtal zwischen Frauenfeld und Wil ist der rot-weisse Zug der Appenzeller Bahnen unterwegs. Die schönsten Ausgangspunkte zu Wanderungen und Ausflüge zum Wiler Turm, dem Waldlehrpfad Mühletobel in Frauenfeld und natürlich dem Murgweg sind mit dem Zug gut erreichbar. 

Für Zugreisende bietet die Linie Frauenfeld-Wil optimale Anschlüsse in Frauenfeld Richtung Zürich und Romanshorn und in Wil Richtung Zürich und St. Gallen. Zu den Hauptverkehrszeiten verkehrt der Zug zwischen Wängi und Wil im Viertelstundentakt.;9.282066;47.3927145;St.Gallerstrasse 53;9102;Herisau;+41713545060;info@appenzellerbahnen.ch;https://appenzellerbahnen.ch/de/;[{'@type': 'ImageObject', 'contentUrl': 'https://tgtpimtsoch.sos-ch-dk-2.exoscale-cdn.com/catalog/f/b/5/2/fb52e364234d122be1b064a8a5f5ad980f016ef6_Appenzeller_Bahnen_Linie_Frauenfeld_Wil.jpg'}];2025-07-30T14:34:04+02:00
5306975d-5d96-43e3-bbc7-525d8e0aae64;Strandwirtschaft Schlössli;Ob nach einem Spaziergang mit der Familie, einer SUP-Session, zum geselligen Beisammensein oder einfach so. Die Strandwirtschaft Schlössli bietet eine Oase zum puren Geniessen.;Die Strandwirtschaft Schlössli liegt direkt neben der Schiffsanlegestelle und bietet damit die perfekte Gelegenheit, dem regen Geschehen auf dem Bodensee zuzusehen. 

In der geselligen Runde geniesst man im Schössli eine feine Tavolata mit verschiedenen Fisch- und Fleischspezialitäten. Auch vegetarische Gerichte und leckere Salatkombinationen stehen auf der Speisekarte. ;9.2098597;47.6440984;Seestrasse 50;8598 ;Bottighofen;+41 71 688 90 92;info@strandwirtschaft.ch;[{'@type': 'ImageObject', 'contentUrl': 'https://tgtpimtsoch.sos-ch-dk-2.exoscale-cdn.com/catalog/5/2/5/f/525f0b625e63bb52c2065de6fd409b02520c8a3b_Hauptbild.jpg'}];2025-05-17T07:52:34+02:00
6cd21ded-8cc5-46b4-8dd5-31a920915322;SGR Schweizer Gruppenreisen;SGR Schweizer Gruppenreisen ist Partner von Thurgau Tourismus für Gruppenreisen ab 8 Personen. SGR ist Ideengeber, organisiert und führt Abteilungs-, Vereinsausflüge oder Teamevents durch. Das Team von SGR Schweizer Gruppenreisen freut sich auf die Zusammenarbeit.;Keine zündende Idee für den nächsten Abteilungs- oder Betriebsausflug, Team- oder Teambuilding-Event? Keine Zeit, sich um die Organisation des Betriebsausflugs oder der Vereinsreise zu kümmern? Wird ein Partner gesucht, der bei der Organisation und bei der kreativen Ideenfindung für die nächste Incentive-Reise unterstützt? SGR Schweizer Gruppenreisen erarbeitet massgeschneiderte Vorschläge und vermittelt und organisiert Gruppenreisen in der ganzen Schweiz. Speziell in der Ostschweiz ist SGR sehr aktiv und pflegt einen engen Austausch mit weiteren Ostschweizer Destinationen. 

Kurz und bündig: SGR ist der optimal Partner für Gruppenreisen, Teamevents, Incentives und Vereinsausflüge. Die Ideen sind individuell, massgeschneidert und einzigartig. Die Planung übernehmen kreative und engagierte Profis, sodass der Anlass zum Erfolg wird.;9.173995;47.6499281;Schützenstrasse 1;8280;Kreuzlingen;+41 71 552 07 37;info@schweizergruppenreisen.ch;https://www.schweizergruppenreisen.ch/;[{'@type': 'ImageObject', 'contentUrl': 'https://tgtpimtsoch.sos-ch-dk-2.exoscale-cdn.com/catalog/6/0/5/8/6058bd14c6874bc67c83f1c1d931d820b41848eb_3c0783aa_069f_4b9e_82d1_c92943ecf17b.jpg'}];2025-08-06T14:34:15+02:00
6e9b6fdd-62cc-40f8-bef0-30f7b8b08a84;Lohr Wassersport;Lohr Wassersport bietet SUP-Sessions, Kurse und beste Ausrüstung dazu. ;Stand Up Paddling (SUP) bietet ein ausgewogenes Training für den ganzen Körper. Auch wenn du es nur einmal ausprobieren möchtest, ist dieser Sport ein Erlebnis. Unabhängig von Alter, Können und persönlichem Fitnesslevel ist SUP für alle Personen geeignet. Lohr Wassersport bietet dazu passende Vermietung, Kurse und gemeinsame SUP-Sessions an.;9.19804131630271;47.6471903;Fischerhausstrasse;8280 ;Kreuzlingen;+41 79 405 82 15;http://lohrsport.ch/project/stand-up-paddling/;[{'@type': 'ImageObject', 'contentUrl': 'https://tgtpimtsoch.sos-ch-dk-2.exoscale-cdn.com/catalog/b/b/e/8/bbe8be60419c508b39e2cc542c03c621bac206ad_hauptbild.png'}];2025-05-17T07:00:19+02:00
b12dc784-f6eb-4a2c-a77b-06704a010313;Smilestones Miniaturwelt am Rheinfall;Klein aber oho! Die Miniaturwelt am Rheinfall! ;Ob für Erwachsene oder Kinder - die moderne Miniaturwelt Smilestones zeigt einige der bekanntesten Schweizer Destinationen wie das Alpsteingebiet, das Berner Oberland, den Rheinfall und vieles mehr. Die modellierte Landschaft gleicht einem dreidimensionalen Wimmelbild und bietet extrem viele kleine Szenen und witzige Details, die es zu entdecken gibt. Rund 23'000 Minimenschen und 12'000 Bäumchen sind auf 250 Quadratmeter Anlagenfläche zu finden. Neben der Eisenbahn und selbstfahrenden Autos beleben die etlichen Aktionsknöpfe die Miniaturwelt.;8.6178975;47.6792455;Neuhausen am Rheinfall;[{'@type': 'ImageObject', 'contentUrl': 'https://tgtpimtsoch.sos-ch-dk-2.exoscale-cdn.com/catalog/4/4/e/b/44eb1a04881901693af55b73a13aaac60c1828f4_PRO_0584.jpg'}];2025-06-16T21:28:27+02:00
c119f39a-9bc7-4561-b98a-dd1ac994a4bd;Seminarland Ostschweiz GmbH;Die Seminarland Ostschweiz GmbH unterstützt seine Kunden kostenlos bei der Organisation von Seminaren. ;Die Region «Seminarland Ostschweiz» erstreckt sich dem Bodensee entlang durch den schönen Kanton Thurgau über die urbane Stadt St.Gallen hin zum traditionellen Appenzellerland bis nach Wildhaus im hügeligen Toggenburg. Die Region bietet eine Vielfalt an Seminar- und Tagungsmöglichkeiten.
Bei der Suche nach dem idealen Seminarhotel oder einer modern ausgestatteten Tagungslocation werden Organisatorinnen von Seminaren oder Tagungen bestimmt fündig. Der Buchungsservice ist kostenlos: Kunden sparen mit Seminarland Ostschweiz viel Zeit, indem für sie die Verfügbarkeiten geprüft und Offerten eingeholt werden.
Seminarland Ostschweiz GmbH arbeitet im Auftrag der Tourismusregionen und ist einzigartig in der Schweiz.;9.3799292;47.5644513;Friedrichshafnerstrasse 55a;8590;Romanshorn;+41 71 531 01 50;info@seminarland.ch;https://www.seminarland.ch;[{'@type': 'ImageObject', 'contentUrl': 'https://tgtpimtsoch.sos-ch-dk-2.exoscale-cdn.com/catalog/2/a/8/8/2a8895e2cf2fb48e26844d6b7caec9dbb34d84f4_Seminarland_Shutterstock_Team_Gruppen_3.jpg'}];2025-05-17T06:57:07+02:00
d2f4077a-1561-4c6f-967b-4b3f38005619;Garten-Bungalow in Arbon;Der Garten-Bungalow ist der ideale Ort zum Wohlfühlen, Ausspannen und Geniessen. Für Aktivitäten gibt es ein vielfältiges Angebot wie Wandern, Velotouren, Schwimmen im See oder Besuche der verschiedenen Museen. Die ÖV-Anbindungen sind in Gehdistanz.;Der neue, freistehende Bungalow liegt in einem ruhigen Einfamilienhaus-Quartier in Arbon. Zum See, zum Einkaufen und in die historische Altstadt sind es nur wenige Gehminuten. Die ÖV-Anbindung ist optimal: 700 m zum Bahnhof, 200 m zur nächsten Busstation mit direkter Verbindung nach St. Gallen. Wer mit dem Auto kommt, ist mit dem Gratis-Parkplatz gleich neben dem Bungalow gut bedient.

Der helle Bungalow besitzt zwei grosse Fensterfronten gegen Osten und Süden, welche Transparenz und Weite zum Garten schaffen. Die natürlichen Baumaterialien, Holz aus heimischer Produktion und Natursteinböden, tragen zur Wohlfühl-Atmosphäre bei. Auf dem grossen Sitzplatz kann man von morgens bis abends die Sonne geniessen. Sonnenschirm und Sonnenliegen sind vorhanden. Das Schlafzimmer ist mit einem Doppelbett (180 x 200) ausgestattet. Vom Bettsofa (140x200) im Wohnzimmer geniesst man einen herrlichen Blick ins Grüne.;9.420200354172895;47.516425749999996;Berglistrasse 78;9320;Arbon;+41792188382;b.mangold@bluewin.ch;[{'@type': 'ImageObject', 'contentUrl': 'https://tgtpimtsoch.sos-ch-dk-2.exoscale-cdn.com/catalog/8/2/b/f/82bf3f1448d42ba54c8e85e58e302d955c635773_P1070749__2.JPG'}];2025-05-17T06:11:10+02:00
fc9160de-0dc5-4f06-930d-aea3f239b444;Testbetrieb;Das ist ein Test. Das ist ein Test. Das ist ein Test. Das ist ein Test. Das ist ein Test. Das ist ein Test. Das ist ein Test. Das ist ein Test. Das ist ein Test.

Neuer Test.;<p>Das ist ein Test. Das ist ein Test. Das ist ein Test. Das ist ein Test. Das ist ein Test. Das ist ein Test. Das ist ein Test. Das ist ein Test. Das ist ein Test. Das ist ein Test. Das ist ein Test. Das ist ein Test. Das ist ein Test. Das ist ein Test. Das ist ein Test. Das ist ein Test. Das ist ein Test. Das ist ein Test. Das ist ein Test. Das ist ein Test. Das ist ein Test. Das ist ein Test. Das ist ein Test. Das ist ein Test. Das ist ein Test. Das ist ein Test. Das ist ein Test. Das ist ein Test. Das ist ein Test. Das ist ein Test. Das ist ein Test. Das ist ein Test. Das ist ein Test.v Das ist ein Test. Das ist ein Test. Das ist ein Test. Das ist ein Test. Und noch ein Test.</p>;9.3799292;47.5644513;Friedrichshafnerstrassse 55a;8590;Romanshorn;+41 71 531 01 38;celina.falk@thurgau-bodensee.ch;https://thurgau-bodensee.ch;[{'@type': 'ImageObject', 'contentUrl': 'https://tgtpimtsoch.sos-ch-dk-2.exoscale-cdn.com/catalog/3/8/a/f/38affe1f933e607a0bdc48c238b8daa3f38a3d50_Bild_Celina_Conrad.jpg'}];2026-05-18T16:29:27+02:00
