id;name;disambiguatingDescription;description;longitude;latitude;streetAddress;postalCode;addressLocality;telephone;email;url;image;dateModified0cb76187-ff23-42df-bc17-fffaced619c1;Family-Trail mit Ente Erma;Der Family-Trail in Ermatingen ist ein interaktiver Rätselweg mit Ente Erma. Auf rund 2 km und 10 Posten führt die digitale Tour durch den Ort, erzählt Geschichten und bietet Familien ein abwechslungsreiches Erlebnis mit Rätseln und Belohnung am Schluss.;<p>Der Family-Trail &laquo;Geheimnisvolles Abenteuer mit Ente Erma&raquo; in Ermatingen verbindet Spaziergang, Geschichte und R&auml;tselspass auf einer familienfreundlichen Route von etwa 2 Kilometern (ca. 1 Stunde). Die digital abrufbare Tour startet beim Stedi Hafen Ermatingen, wo &uuml;ber QR-Code Zugang zu den Aufgaben und der Audiof&uuml;hrung erfolgt. An zehn Stationen begleiten Teilnehmende die Ente Erma auf einer Entdeckungsreise und lernen dabei Wissenswertes &uuml;ber Ermatingen und seine Geschichten. Durch das L&ouml;sen von verschiedenen Aufgaben entsteht am Schluss ein kombiniertes L&ouml;sungswort, das gegen eine kleine Belohnung eingel&ouml;st werden kann, etwa in der Badi oder im Rathaus von Ermatingen. Der Trail ist lehrreich und abwechslungsreich, eignet sich f&uuml;r Familien und bietet zugleich einen Einblick in die lokale Kultur- und Ortsgeschichte.</p>;9.084067940711977;47.66979472719453;Schiffländestrasse;8272;Ermatingen;https://app.smartrails.ch/ermatingen/family-trail;[{'@type': 'ImageObject', 'contentUrl': 'https://tgtpimtsoch.sos-ch-dk-2.exoscale-cdn.com/catalog/b/b/4/1/bb41f26759b7467d2573ac080555cc7b4cc0b756_Ermatingen_Tante_Erma_Posten9.jpg'}];2026-03-16T22:05:30+01:00
20a42452-c5d5-48d6-ad8d-5b15f1fcf5c5;Linie Frauenfeld-Wil;Zwischen Frauenfeld und Wil bringt der Zug der Appenzeller Bahnen die Gäste an tolle Ausgangspunkte für Wanderungen und Ausflüge und verbindet die Städte Frauenfeld und Wil.;Im Murgtal zwischen Frauenfeld und Wil ist der rot-weisse Zug der Appenzeller Bahnen unterwegs. Die schönsten Ausgangspunkte zu Wanderungen und Ausflüge zum Wiler Turm, dem Waldlehrpfad Mühletobel in Frauenfeld und natürlich dem Murgweg sind mit dem Zug gut erreichbar. 

Für Zugreisende bietet die Linie Frauenfeld-Wil optimale Anschlüsse in Frauenfeld Richtung Zürich und Romanshorn und in Wil Richtung Zürich und St. Gallen. Zu den Hauptverkehrszeiten verkehrt der Zug zwischen Wängi und Wil im Viertelstundentakt.;9.282066;47.3927145;St.Gallerstrasse 53;9102;Herisau;+41713545060;info@appenzellerbahnen.ch;https://appenzellerbahnen.ch/de/;[{'@type': 'ImageObject', 'contentUrl': 'https://tgtpimtsoch.sos-ch-dk-2.exoscale-cdn.com/catalog/f/b/5/2/fb52e364234d122be1b064a8a5f5ad980f016ef6_Appenzeller_Bahnen_Linie_Frauenfeld_Wil.jpg'}];2025-07-30T14:34:04+02:00
6cd21ded-8cc5-46b4-8dd5-31a920915322;SGR Schweizer Gruppenreisen;SGR Schweizer Gruppenreisen ist Partner von Thurgau Tourismus für Gruppenreisen ab 8 Personen. SGR ist Ideengeber, organisiert und führt Abteilungs-, Vereinsausflüge oder Teamevents durch. Das Team von SGR Schweizer Gruppenreisen freut sich auf die Zusammenarbeit.;Keine zündende Idee für den nächsten Abteilungs- oder Betriebsausflug, Team- oder Teambuilding-Event? Keine Zeit, sich um die Organisation des Betriebsausflugs oder der Vereinsreise zu kümmern? Wird ein Partner gesucht, der bei der Organisation und bei der kreativen Ideenfindung für die nächste Incentive-Reise unterstützt? SGR Schweizer Gruppenreisen erarbeitet massgeschneiderte Vorschläge und vermittelt und organisiert Gruppenreisen in der ganzen Schweiz. Speziell in der Ostschweiz ist SGR sehr aktiv und pflegt einen engen Austausch mit weiteren Ostschweizer Destinationen. 

Kurz und bündig: SGR ist der optimal Partner für Gruppenreisen, Teamevents, Incentives und Vereinsausflüge. Die Ideen sind individuell, massgeschneidert und einzigartig. Die Planung übernehmen kreative und engagierte Profis, sodass der Anlass zum Erfolg wird.;9.173995;47.6499281;Schützenstrasse 1;8280;Kreuzlingen;+41 71 552 07 37;info@schweizergruppenreisen.ch;https://www.schweizergruppenreisen.ch/;[{'@type': 'ImageObject', 'contentUrl': 'https://tgtpimtsoch.sos-ch-dk-2.exoscale-cdn.com/catalog/6/0/5/8/6058bd14c6874bc67c83f1c1d931d820b41848eb_3c0783aa_069f_4b9e_82d1_c92943ecf17b.jpg'}];2025-08-06T14:34:15+02:00
a4d8e68c-beeb-4ba2-8f74-e85d50dbf501;Bireweg Egnach;Der «Bireweg» von Egnach nach Winden erzählt per digitalem Führer und mit vielen malerischen Ausblicken von der Geschichte Egnachs und den vielen feinen Früchtchen der Region.  ;Das beschauliche Dorf Egnach am Bodensee ist einer der Thurgauer Hotspots der Beeren- und Obstproduktion. Dem Örtchen, mit seinen vielen Weilern und den unzähligen hier wachsenden Früchten, sind vier Wanderwege gewidmet; die Egnacher Perlen. Einer davon ist der «Bireweg». Über knapp acht Kilometer führt er von der ehemaligen Mosterei Egnach durch grosse Obstanlagen und Hochstammgärten hinauf zum Bahnhof Winden. Der Bireweg ist mit digitalem Führer über die App «CubeTrail» entlang von zehn Wegposten begehbar. Geschichtliche Hintergründe zum Dorf und dem Obstbau sowie die touristisch wertvollsten Punkte werden erläutert. Ausblicke auf saftige Wiesen, idyllische Bauernhöfe, schmucke Riegelhäuser und den blau glitzernden Bodensees erfreuen das Wanderherz. 

Der Trail ist täglich und jederzeit zugänglich. Das App «CubeTrail» ist kostenlos im App Store von Apple und Android erhältlich. ;9.3812712;47.5444969;Bahnhofsplatz;9322;Egnach;+41 71 955 77 55;info@historika.ch;[{'@type': 'ImageObject', 'contentUrl': 'https://tgtpimtsoch.sos-ch-dk-2.exoscale-cdn.com/catalog/2/6/b/2/26b262905d2a5d5dac353914749f990b9c0f9ba1_Photokleinformat_3_2_Egnach_Bluescht_Shooting_20.jpg'}];2025-05-17T08:47:23+02:00
ae9fe8f6-c16f-4222-946c-713b87f14436;Arboris Rätselweg;Der Arbori Rätselweg in Arbon ist ein interaktiver Rätselweg für Familien mit Kindern. Die Route führt durch die Altstadt bis ans Bodenseeufer und verbindet bekannte Orte der Stadt mit spielerischem Entdecken.;<p>Auf dem interaktiven R&auml;tselweg l&auml;dt Arbori Familien dazu ein, Arbon auf spielerische Weise zu entdecken. Die Route verl&auml;uft durch die Altstadt bis ans Bodenseeufer und verbindet bekannte Orte wie den Hafen, den Fischmarktplatz, das Schloss und die Seepromenade miteinander.<br data-start="669" data-end="672">An neun abwechslungsreichen R&auml;tselposten werden mit Hilfe eines R&auml;tselhefts Aufgaben gel&ouml;st und dabei spannende Pl&auml;tze sowie weniger bekannte Ecken der Stadt entdeckt. Die Strecke ist rund 1,33 Kilometer lang, dauert etwa 1 bis 1,5 Stunden und eignet sich f&uuml;r Kinderwagen sowie f&uuml;r Rollstuhlfahrende.</p>;9.4380561;47.5137579;Hafenstrasse 1;9320 ;Arbon;071 447 14 50;fsl@arbon.ch;https://www.arbori-erlebnis.ch/raetselweg;[{'@type': 'ImageObject', 'contentUrl': 'https://tgtpimtsoch.sos-ch-dk-2.exoscale-cdn.com/catalog/0/3/8/b/038ba58203bd943ee27bda415098a8d34fd1c717_Arbon_Arborisweg_Fliegen.jpg'}];2026-03-16T19:35:57+01:00
cbc9b3a1-5cae-47d7-a17b-b468671509e8;History-Trail Ermatingen;Der History-Trail in Ermatingen ist ein digitaler Themenweg von rund 4,5 km und 1,5 h Dauer. Die interaktive Tour führt zu historischen Orten des Dorfes, kombiniert Wissenswertes, Rätsel und Aussichtspunkte und macht Geschichte lebendig erlebbar;<p>Der History-Trail in Ermatingen bietet einen digitalen Erlebnis und Lernweg durch die Geschichte des Ortes. Auf der rund 4,5 Kilometer langen Route, die sich in etwa 1 Stunde 30 Minuten bew&auml;ltigen l&auml;sst, werden Teilnehmende mit Hilfe eines Smartphones zu 35 verschiedenen historischen Punkten gef&uuml;hrt. Begleitet wird der Weg von der Figur &laquo;Professor Erfmuotinger&raquo;, die durch die verschiedenen Stationen f&uuml;hrt und historische Hintergr&uuml;nde auf unterhaltsame Weise vermittelt. Die Tour ist interaktiv gestaltet und verbindet Wissensvermittlung mit spielerischen Elementen und R&auml;tseln, die das Verst&auml;ndnis f&uuml;r die lokale Vergangenheit f&ouml;rdern. Ermatingen z&auml;hlt zu den &auml;ltesten Siedlungen am Bodensee und blickt auf eine bewegte Geschichte zur&uuml;ck, die der Trail auf anschauliche Weise erlebbar macht.</p>;9.0798991;47.6693246;8272;Ermatingen;https://smartrails.ch/trails/ermatingen/history-trail;[{'@type': 'ImageObject', 'contentUrl': 'https://tgtpimtsoch.sos-ch-dk-2.exoscale-cdn.com/catalog/f/6/6/c/f66c06827b3987289656397b0d2ed8a09e3168a6_medium__Ermatingen_Vinorama_Seitenansicht.jpg'}];2026-03-16T20:50:34+01:00
dcf55ebf-9b18-49ff-8426-bc6945af393a;Die Piratenschule am Bodensee;In der Piratenschule am Bodensee begeben sich Kinder gemeinsam mit Pirat Zaus und Piratin Huberta auf ein Piratenabenteuer im Thurgau. Rätsel lösen, Prüfungen bestehen, Münzen sammeln – und am Ende wartet das begehrte Piratendiplom.;<p>Die Piratenschule am Bodensee ist ein interaktives Familienabenteuer entlang des Schweizer Bodenseeufer. An verschiedenen Piratenposten warten knifflige R&auml;tsel- und Erlebnisstationen, die individuell und unabh&auml;ngig voneinander entdeckt werden k&ouml;nnen. Begleitet wird das Abenteuer von einer Web-App mit Augmented Reality: Es k&ouml;nnen digitale Piratenfiguren, Sch&auml;tze und M&uuml;nzen gesammelt werden. Die interaktive Schatzkarte mit den Piratenposten verbinden Spiel, Bewegung und R&auml;tsellust mit attraktiven Ausflugszielen am Bodensee.</p>;9.1809374;47.6513643;Seestrasse 45;8280;Kreuzlingen;+41 71 531 01 31;info@thurgau-bodensee.ch;https://thurgau-bodensee.ch/piratenschule.html;[{'@type': 'ImageObject', 'contentUrl': 'https://tgtpimtsoch.sos-ch-dk-2.exoscale-cdn.com/catalog/b/d/d/9/bdd982d4b5998cbe299a7146e0e13269c0bf67a6_Piratenschule_mit_Totenkopf_Design.png'}];2026-03-16T20:44:24+01:00
dea5ecbf-349c-4afe-812b-c90643a6afc4;TopTrail Tannzapfenland;Der TopTrail Tannzapfenland in Fischingen ist ein kompaktes Mountainbike-Trailcenter mit rund 4,8 km abwechslungsreichem Trailnetz. Das breitensportorientierte Angebot bietet Fahrspass für alle Alters- und Könnerstufen und ist ein attraktiver Naherholungsort.
;<p>Die Mountainbike-Infrastruktur richtet sich an alle Alters- und K&ouml;nnerstufen, wobei bei Planung und Umsetzung besonders auf die Bed&uuml;rfnisse von Kindern und Jugendlichen geachtet wurde. Drei ausgeschilderte Loops k&ouml;nnen einzeln als Rundkurs gefahren oder beliebig kombiniert und wiederholt werden. Die aus dem Skisport bekannten Farbcodes informieren &uuml;ber den jeweiligen Schwierigkeitsgrad der Streckenabschnitte.</p><p>Der Nord-Loop begeistert insbesondere mit seinen zahlreichen Sprungm&ouml;glichkeiten. Gleichzeitig bietet er auch eine alternative Linie, auf der Wellen und H&uuml;gel spielerisch &uuml;berrollt werden k&ouml;nnen, ohne den Bodenkontakt zu verlieren. Ein Angebot, das besonders bei j&uuml;ngeren Kindern sehr beliebt ist.</p><p>Die Uphill- und Downhill-Passagen in unterschiedlichen Schwierigkeitsgraden lassen sich flexibel kombinieren. Technische und flowige Abschnitte, Elemente aus Stein und Holz sowie naturbelassener Waldboden sorgen f&uuml;r viel Abwechslung und f&ouml;rdern gleichzeitig die Fahrtechnik auf zwei R&auml;dern.</p><p>Der TopTrail Tannzapfenland ist ein neuer, spassiger und flowiger Mountainbike-Trail, der Adrenalin bietet und Mountainbike-Fans im Kanton Thurgau ein einzigartiges Erlebnis garantiert.</p>;8.9713624;47.4184369;Chilbergstrasse 6;8376;Fischingen;stef.kuemin@gmx.ch;https://toptrail-tannzapfenland.ch/;[{'@type': 'ImageObject', 'contentUrl': 'https://tgtpimtsoch.sos-ch-dk-2.exoscale-cdn.com/catalog/b/d/2/2/bd22f485dc60bfc915ac050f3e1e34f9c24fe64f_Tanzapfenland_Toptrail_1.jpg'}];2026-07-13T08:23:15+02:00
e8824e46-6eab-402a-b671-cc5286dc81ba;Arbor Felix Pfad;Der Arbor Felix Pfad lädt zu einem entspannten Spaziergang rund um Arbon ein und verbindet Natur mit spannenden Einblicken in die Geschichte der Stadt.;<p>Entlang des Weges begegnen Besucherinnen und Besucher immer wieder dem neugierigen Seeadler Arbori. Die Figur wurde urspr&uuml;nglich von der Arboner K&uuml;nstlerin Heidi Weh gezeichnet, deren Illustrationen den Pfad begleiten. Informationstafeln entlang der Strecke erz&auml;hlen aus verschiedenen Epochen der Arboner Vergangenheit &ndash; von der wirtschaftlich schwierigen Zeit nach dem Ersten Weltkrieg &uuml;ber die Industrialisierung bis zur Er&ouml;ffnung des Strandbads.</p>;9.4366861;47.5129391;Bahnhofstrasse 48;9320;Arbon;071 447 14 50;fsl@arbon.ch;https://www.arbori-erlebnis.ch/arborfelixpfad;[{'@type': 'ImageObject', 'contentUrl': 'https://tgtpimtsoch.sos-ch-dk-2.exoscale-cdn.com/catalog/d/e/6/8/de68d4bf0a6a6efaa1e8d0165a9c0e60b0e270c0_small__Arbon_Hafen_Promenade_11.jpg'}];2026-03-16T19:35:40+01:00
edc25514-b50f-4441-9f5c-acbc2083842d;PADL-Trail Arbon;Beim PADL-Trail Arbon werden Wassersport mit Rätselspass und Entdeckerfreude kombiniert – ein spannendes Erlebnis auf dem Bodensee und in der Altstadt von Arbon.;<p>Der PADL-Trail Arbon bietet eine einzigartige Kombination aus Wassersport, Rätsellösen und Entdeckerfreude. Die Route startet beim Strandbad Buchhorn und führt per SUP oder Kajak entlang des Seeufers in Richtung Altstadt. Unterwegs gilt es, knifflige Aufgaben zu meistern und versteckte Hinweise sowohl auf dem Wasser als auch in der historischen Altstadt von Arbon zu entdecken.</p><p>Der PADL-Trail ist ideal für alle, die gerne kombinieren, tüfteln und neue Perspektiven auf die Stadt und den Bodensee erleben möchten. Die Teilnahme ist ab 16 Jahren möglich, Kinder dürfen nur in Begleitung von Erwachsenen mitmachen.</p>;9.418973;47.5263399;Strandbad Buchhorn;9320;Arbon;+41 71 446 13 33;https://www.arbon.ch/freizeit/kultur-sport-und-spiel/baeder/strandbad.html/71;[{'@type': 'ImageObject', 'contentUrl': 'https://tgtpimtsoch.sos-ch-dk-2.exoscale-cdn.com/catalog/b/b/f/d/bbfd0ca518d06991d07e7365443ee974878c001c_Arbon_Horn_Bodensee_SUP_4.jpg'}];2026-06-10T14:28:08+02:00
